SaleID,MemberID,SaleDate,Season,MembershipType,SeatsPurchased,TotalAmount,PaymentStatus
SALE00001,MEM0001,2024-11-27,2025,Premium Deck Season,4,3622.0,Paid
SALE00002,MEM0001,2025-12-27,2026,Premium Deck Season,4,3780,Paid
SALE00003,MEM0002,2025-03-06,2025,Full Season Sideline,2,977.6,Paid
SALE00004,MEM0002,2025-12-19,2026,Full Season Sideline,2,1040,Paid
SALE00005,MEM0003,2024-12-29,2025,Suite Membership,4,10553.0,Paid
SALE00006,MEM0003,2025-11-20,2026,Suite Membership,4,11225,Paid
SALE00007,MEM0004,2024-12-26,2025,Full Season Sideline,4,1843.34,Paid
SALE00008,MEM0004,2025-12-25,2026,Full Season Sideline,4,1914.4,Paid
SALE00009,MEM0005,2025-03-18,2025,Premium Deck Season,2,1836.0,Paid
SALE00010,MEM0005,2025-11-14,2026,Premium Deck Season,2,1880,Paid
SALE00011,MEM0006,2025-02-03,2025,Premium Deck Season,1,943.0,Paid
SALE00012,MEM0006,2026-03-03,2026,Premium Deck Season,1,950,Paid
SALE00013,MEM0007,2025-02-09,2025,Premium Deck Season,2,1786.0,Paid
SALE00014,MEM0007,2026-02-23,2026,Premium Deck Season,2,1900,Paid
SALE00015,MEM0008,2025-02-19,2025,Premium Deck Season,2,1836.0,Paid
SALE00016,MEM0008,2026-03-03,2026,Premium Deck Season,2,1900,Paid
SALE00017,MEM0009,2025-01-22,2025,Premium Deck Season,2,1766.0,Paid
SALE00018,MEM0009,2026-01-24,2026,Premium Deck Season,2,1900,Paid
SALE00019,MEM0010,2024-11-07,2025,Full Season Reserved,2,676.8,Paid
SALE00020,MEM0010,2025-12-27,2026,Full Season Reserved,2,745,Paid
SALE00021,MEM0011,2025-02-21,2025,Premium Deck Season,2,1836.0,Paid
SALE00022,MEM0011,2025-12-04,2026,Premium Deck Season,2,1880,Paid
SALE00023,MEM0012,2024-12-11,2025,Full Season Reserved,5,1672.0,Paid
SALE00024,MEM0012,2026-03-03,2026,Full Season Reserved,5,1850,Paid
SALE00025,MEM0013,2024-11-06,2025,Full Season Reserved,5,1692.0,Paid
SALE00026,MEM0013,2026-01-22,2026,Full Season Reserved,5,1780,Paid
SALE00027,MEM0014,2025-03-18,2025,Suite Membership,8,19562.08,Partial
SALE00028,MEM0014,2026-02-15,2026,Suite Membership,8,20882.0,Paid
SALE00029,MEM0015,2025-01-07,2025,Full Season Sideline,1,488.8,Paid
SALE00030,MEM0015,2026-01-23,2026,Full Season Sideline,1,545,Paid
SALE00031,MEM0016,2025-03-18,2025,Full Season GA,1,186.8,Partial
SALE00032,MEM0016,2026-02-23,2026,Full Season GA,1,220,Paid
SALE00033,MEM0017,2024-12-18,2025,Premium Deck Season,1,873.0,Paid
SALE00034,MEM0017,2026-01-06,2026,Premium Deck Season,1,930,Partial
SALE00035,MEM0018,2025-02-01,2025,Full Season Reserved,5,1672.0,Partial
SALE00036,MEM0019,2025-02-03,2025,Full Season GA,1,206.8,Partial
SALE00037,MEM0019,2026-03-04,2026,Full Season GA,1,220,Partial
SALE00038,MEM0020,2024-12-15,2025,Full Season Reserved,3,995.2,Paid
SALE00039,MEM0020,2026-02-09,2026,Full Season Reserved,3,1105,Paid
SALE00040,MEM0021,2025-01-02,2025,Full Season GA,6,1220.8,Paid
SALE00041,MEM0022,2024-11-07,2025,Suite Membership,4,9771.04,Partial
SALE00042,MEM0022,2026-01-05,2026,Suite Membership,4,10396.0,Paid
SALE00043,MEM0023,2024-11-09,2025,Full Season Sideline,1,488.8,Paid
SALE00044,MEM0023,2026-03-18,2026,Full Season Sideline,1,500,Paid
SALE00045,MEM0024,2025-03-03,2025,Full Season Reserved,2,656.8,Paid
SALE00046,MEM0024,2026-01-05,2026,Full Season Reserved,2,720,Paid
SALE00047,MEM0025,2025-01-31,2025,Suite Membership,2,5264.0,Partial
SALE00048,MEM0025,2025-11-02,2026,Suite Membership,2,5580,Paid
SALE00049,MEM0026,2025-01-15,2025,Premium Deck Season,1,873.0,Paid
SALE00050,MEM0026,2026-02-14,2026,Premium Deck Season,1,950,Paid
SALE00051,MEM0027,2025-01-04,2025,Full Season Sideline,1,538.8,Paid
SALE00052,MEM0027,2026-03-16,2026,Full Season Sideline,1,520,Paid
SALE00053,MEM0028,2025-03-18,2025,Full Season GA,1,231.8,Paid
SALE00054,MEM0028,2026-02-01,2026,Full Season GA,1,245,Paid
SALE00055,MEM0029,2025-03-22,2025,Full Season GA,5,1084.0,Paid
SALE00056,MEM0029,2026-01-12,2026,Full Season GA,5,1125,Paid
SALE00057,MEM0030,2025-01-20,2025,Full Season Reserved,1,363.4,Paid
SALE00058,MEM0030,2025-11-16,2026,Full Season Reserved,1,340,Partial
SALE00059,MEM0031,2025-03-16,2025,Premium Deck Season,2,1766.0,Partial
SALE00060,MEM0031,2026-01-24,2026,Premium Deck Season,2,1880,Paid
SALE00061,MEM0032,2025-03-10,2025,Full Season Reserved,2,656.8,Paid
SALE00062,MEM0032,2025-11-28,2026,Full Season Reserved,2,745,Paid
SALE00063,MEM0033,2025-02-04,2025,Full Season Sideline,1,468.8,Paid
SALE00064,MEM0034,2024-12-01,2025,Premium Deck Season,2,1786.0,Paid
SALE00065,MEM0034,2025-11-06,2026,Premium Deck Season,2,1900,Paid
SALE00066,MEM0035,2025-01-26,2025,Suite Membership,1,2612.0,Paid
SALE00067,MEM0035,2025-11-19,2026,Suite Membership,1,2825,Paid
SALE00068,MEM0036,2025-02-19,2025,Full Season Reserved,4,1353.6,Paid
SALE00069,MEM0036,2026-03-04,2026,Full Season Reserved,4,1465,Paid
SALE00070,MEM0037,2024-11-26,2025,Full Season GA,1,186.8,Paid
SALE00071,MEM0037,2025-12-29,2026,Full Season GA,1,220,Paid
SALE00072,MEM0038,2024-12-02,2025,Suite Membership,4,10578.0,Paid
SALE00073,MEM0038,2026-03-01,2026,Suite Membership,4,11180,Paid
SALE00074,MEM0039,2025-01-18,2025,Full Season Sideline,2,1002.6,Paid
SALE00075,MEM0039,2026-03-11,2026,Full Season Sideline,2,1040,Paid
SALE00076,MEM0040,2025-01-11,2025,Full Season Reserved,5,1717.0,Partial
SALE00077,MEM0040,2026-01-12,2026,Full Season Reserved,5,1800,Partial
SALE00078,MEM0041,2025-03-10,2025,Full Season Reserved,2,726.8,Paid
SALE00079,MEM0041,2025-12-17,2026,Full Season Reserved,2,720,Partial
SALE00080,MEM0042,2024-11-22,2025,Suite Membership,6,14736.56,Paid
SALE00081,MEM0042,2026-03-11,2026,Suite Membership,6,15604.0,Paid
SALE00082,MEM0043,2025-01-01,2025,Full Season Reserved,1,363.4,Paid
SALE00083,MEM0043,2026-01-09,2026,Full Season Reserved,1,360,Paid
SALE00084,MEM0044,2024-12-11,2025,Full Season Reserved,1,388.4,Paid
SALE00085,MEM0044,2026-01-23,2026,Full Season Reserved,1,410,Paid
SALE00086,MEM0045,2025-01-08,2025,Full Season Sideline,6,2932.8,Paid
SALE00087,MEM0045,2026-01-18,2026,Full Season Sideline,6,3100,Partial
SALE00088,MEM0046,2025-01-19,2025,Full Season GA,1,231.8,Partial
SALE00089,MEM0046,2026-03-20,2026,Full Season GA,1,220,Paid
SALE00090,MEM0047,2024-12-31,2025,Full Season Reserved,1,388.4,Partial
SALE00091,MEM0047,2026-01-14,2026,Full Season Reserved,1,410,Paid
SALE00092,MEM0048,2025-03-09,2025,Full Season GA,2,438.6,Paid
SALE00093,MEM0049,2025-03-03,2025,Full Season Reserved,2,676.8,Paid
SALE00094,MEM0050,2025-03-03,2025,Full Season GA,1,231.8,Paid
SALE00095,MEM0051,2025-03-01,2025,Suite Membership,6,14686.56,Paid
SALE00096,MEM0051,2025-11-12,2026,Suite Membership,6,15624.0,Paid
SALE00097,MEM0052,2024-12-08,2025,Full Season Sideline,3,1466.4,Paid
SALE00098,MEM0052,2025-11-26,2026,Full Season Sideline,3,1610,Paid
SALE00099,MEM0053,2025-02-17,2025,Full Season Sideline,1,488.8,Paid
SALE00100,MEM0053,2026-01-18,2026,Full Season Sideline,1,545,Partial
SALE00101,MEM0054,2025-02-26,2025,Full Season Reserved,3,1040.2,Paid
SALE00102,MEM0054,2026-02-11,2026,Full Season Reserved,3,1060,Paid
SALE00103,MEM0055,2024-11-21,2025,Suite Membership,8,19632.08,Paid
SALE00104,MEM0055,2025-12-19,2026,Suite Membership,8,20832.0,Paid
SALE00105,MEM0056,2025-01-04,2025,Full Season Sideline,1,488.8,Paid
SALE00106,MEM0056,2025-12-24,2026,Full Season Sideline,1,500,Paid
SALE00107,MEM0057,2025-03-08,2025,Full Season Reserved,1,318.4,Paid
SALE00108,MEM0057,2026-01-30,2026,Full Season Reserved,1,385,Paid
SALE00109,MEM0058,2025-02-23,2025,Full Season GA,2,413.6,Paid
SALE00110,MEM0059,2024-11-07,2025,Suite Membership,12,29373.12,Paid
SALE00111,MEM0059,2026-02-20,2026,Suite Membership,12,31248.0,Paid
SALE00112,MEM0060,2025-02-15,2025,Premium Deck Season,4,3597.0,Paid
SALE00113,MEM0060,2026-01-17,2026,Premium Deck Season,4,3800,Paid
SALE00114,MEM0061,2025-03-03,2025,Full Season Reserved,1,363.4,Paid
SALE00115,MEM0062,2024-11-29,2025,Full Season GA,1,206.8,Partial
SALE00116,MEM0062,2026-02-24,2026,Full Season GA,1,245,Paid
SALE00117,MEM0063,2024-11-15,2025,Full Season Sideline,1,488.8,Partial
SALE00118,MEM0063,2025-11-05,2026,Full Season Sideline,1,500,Partial
SALE00119,MEM0064,2025-01-12,2025,Full Season GA,2,413.6,Paid
SALE00120,MEM0064,2025-11-10,2026,Full Season GA,2,490,Paid
SALE00121,MEM0065,2025-03-18,2025,Full Season GA,2,413.6,Paid
SALE00122,MEM0066,2025-01-22,2025,Full Season Reserved,1,338.4,Paid
SALE00123,MEM0066,2025-12-26,2026,Full Season Reserved,1,385,Paid
SALE00124,MEM0067,2025-01-08,2025,Full Season Reserved,1,388.4,Paid
SALE00125,MEM0067,2026-01-26,2026,Full Season Reserved,1,360,Paid
SALE00126,MEM0068,2025-03-02,2025,Full Season Sideline,4,1980.2,Paid
SALE00127,MEM0068,2026-02-13,2026,Full Season Sideline,4,2080,Partial
SALE00128,MEM0069,2025-01-26,2025,Full Season GA,1,206.8,Paid
SALE00129,MEM0069,2025-11-01,2026,Full Season GA,1,220,Pending
SALE00130,MEM0070,2025-03-25,2025,Full Season Reserved,1,338.4,Paid
SALE00131,MEM0070,2025-11-03,2026,Full Season Reserved,1,385,Partial
SALE00132,MEM0071,2025-03-01,2025,Premium Deck Season,1,893.0,Paid
SALE00133,MEM0071,2025-12-07,2026,Premium Deck Season,1,975,Paid
SALE00134,MEM0072,2025-01-23,2025,Full Season GA,2,463.6,Paid
SALE00135,MEM0073,2025-03-08,2025,Premium Deck Season,8,6623.92,Partial
SALE00136,MEM0073,2026-03-23,2026,Premium Deck Season,8,7118.0,Partial
SALE00137,MEM0074,2024-12-11,2025,Full Season Reserved,4,1378.6,Partial
SALE00138,MEM0074,2025-11-06,2026,Full Season Reserved,4,1440,Partial
SALE00139,MEM0075,2025-02-17,2025,Full Season GA,2,463.6,Paid
SALE00140,MEM0076,2024-12-18,2025,Full Season Reserved,1,363.4,Paid
SALE00141,MEM0076,2026-01-18,2026,Full Season Reserved,1,360,Paid
SALE00142,MEM0077,2025-01-13,2025,Full Season GA,4,827.2,Paid
SALE00143,MEM0078,2024-11-12,2025,Full Season GA,1,186.8,Paid
SALE00144,MEM0078,2026-02-10,2026,Full Season GA,1,200,Partial
SALE00145,MEM0079,2024-12-28,2025,Full Season Sideline,2,1002.6,Paid
SALE00146,MEM0079,2026-02-28,2026,Full Season Sideline,2,1090,Paid
SALE00147,MEM0080,2025-01-11,2025,Full Season Reserved,5,1717.0,Paid
SALE00148,MEM0080,2026-01-13,2026,Full Season Reserved,5,1850,Paid
SALE00149,MEM0081,2024-11-29,2025,Full Season GA,3,645.4,Partial
SALE00150,MEM0082,2025-02-18,2025,Full Season Reserved,4,1403.6,Paid
SALE00151,MEM0082,2026-03-01,2026,Full Season Reserved,4,1440,Paid
SALE00152,MEM0083,2024-12-16,2025,Full Season Reserved,6,2030.4,Paid
SALE00153,MEM0083,2026-02-08,2026,Full Season Reserved,6,2210,Paid
SALE00154,MEM0084,2025-02-18,2025,Full Season Sideline,10,4595.84,Paid
SALE00155,MEM0084,2025-11-16,2026,Full Season Sideline,10,4861.0,Paid
SALE00156,MEM0085,2024-12-07,2025,Full Season GA,1,206.8,Paid
SALE00157,MEM0085,2025-11-12,2026,Full Season GA,1,200,Paid
SALE00158,MEM0086,2024-12-21,2025,Full Season GA,1,206.8,Paid
SALE00159,MEM0087,2025-01-18,2025,Full Season Reserved,4,1403.6,Paid
SALE00160,MEM0087,2025-12-24,2026,Full Season Reserved,4,1465,Paid
SALE00161,MEM0088,2024-12-16,2025,Full Season GA,1,231.8,Paid
SALE00162,MEM0088,2025-12-15,2026,Full Season GA,1,220,Paid
SALE00163,MEM0089,2024-11-26,2025,Full Season Sideline,2,1027.6,Paid
SALE00164,MEM0089,2026-02-06,2026,Full Season Sideline,2,1090,Paid
SALE00165,MEM0090,2024-12-01,2025,Full Season GA,2,393.6,Paid
SALE00166,MEM0090,2025-12-15,2026,Full Season GA,2,490,Paid
SALE00167,MEM0091,2025-02-16,2025,Full Season GA,2,413.6,Paid
SALE00168,MEM0091,2025-11-18,2026,Full Season GA,2,420,Paid
SALE00169,MEM0092,2025-03-22,2025,Full Season GA,1,231.8,Paid
SALE00170,MEM0093,2024-11-25,2025,Full Season Reserved,5,1692.0,Partial
SALE00171,MEM0094,2025-01-31,2025,Full Season Reserved,1,388.4,Paid
SALE00172,MEM0094,2025-11-22,2026,Full Season Reserved,1,360,Paid
SALE00173,MEM0095,2024-12-19,2025,Full Season GA,2,413.6,Paid
SALE00174,MEM0095,2025-11-16,2026,Full Season GA,2,440,Paid
SALE00175,MEM0096,2025-02-07,2025,Full Season GA,2,438.6,Paid
SALE00176,MEM0097,2025-01-04,2025,Full Season Reserved,2,676.8,Paid
SALE00177,MEM0097,2026-01-14,2026,Full Season Reserved,2,720,Paid
SALE00178,MEM0098,2024-12-24,2025,Suite Membership,8,19607.08,Paid
SALE00179,MEM0098,2026-01-13,2026,Suite Membership,8,20832.0,Paid
SALE00180,MEM0099,2025-01-16,2025,Full Season Reserved,4,1378.6,Paid
SALE00181,MEM0099,2026-03-03,2026,Full Season Reserved,4,1440,Paid
SALE00182,MEM0100,2025-03-21,2025,Full Season GA,1,206.8,Paid
SALE00183,MEM0100,2026-01-02,2026,Full Season GA,1,200,Paid
SALE00184,MEM0101,2024-12-16,2025,Full Season Sideline,2,1002.6,Paid
SALE00185,MEM0101,2025-12-05,2026,Full Season Sideline,2,1020,Partial
SALE00186,MEM0102,2024-12-23,2025,Full Season Reserved,3,995.2,Partial
SALE00187,MEM0102,2025-12-11,2026,Full Season Reserved,3,1080,Partial
SALE00188,MEM0103,2025-01-24,2025,Full Season GA,1,206.8,Paid
SALE00189,MEM0103,2026-02-17,2026,Full Season GA,1,245,Paid
SALE00190,MEM0104,2024-12-08,2025,Full Season Sideline,5,2444.0,Paid
SALE00191,MEM0104,2026-01-18,2026,Full Season Sideline,5,2650,Paid
SALE00192,MEM0105,2025-02-28,2025,Full Season Reserved,1,338.4,Paid
SALE00193,MEM0106,2025-03-23,2025,Premium Deck Season,2,1811.0,Paid
SALE00194,MEM0106,2026-03-05,2026,Premium Deck Season,2,1950,Paid
SALE00195,MEM0107,2025-03-11,2025,Full Season GA,1,256.8,Partial
SALE00196,MEM0107,2026-01-08,2026,Full Season GA,1,270,Paid
SALE00197,MEM0108,2024-12-14,2025,Full Season Sideline,4,2005.2,Paid
SALE00198,MEM0108,2026-02-22,2026,Full Season Sideline,4,2080,Partial
SALE00199,MEM0109,2025-03-03,2025,Full Season GA,2,413.6,Paid
SALE00200,MEM0109,2026-03-18,2026,Full Season GA,2,465,Paid
SALE00201,MEM0110,2024-11-22,2025,Premium Deck Season,2,1766.0,Partial
SALE00202,MEM0110,2026-02-22,2026,Premium Deck Season,2,1925,Paid
SALE00203,MEM0111,2024-12-13,2025,Full Season GA,1,256.8,Paid
SALE00204,MEM0111,2026-02-06,2026,Full Season GA,1,220,Partial
SALE00205,MEM0112,2025-01-12,2025,Full Season Reserved,2,656.8,Paid
SALE00206,MEM0113,2025-03-05,2025,Full Season Sideline,4,1955.2,Paid
SALE00207,MEM0113,2026-03-12,2026,Full Season Sideline,4,2060,Paid
SALE00208,MEM0114,2025-01-13,2025,Full Season Sideline,2,957.6,Paid
SALE00209,MEM0114,2025-11-03,2026,Full Season Sideline,2,1065,Paid
SALE00210,MEM0115,2025-03-26,2025,Suite Membership,6,14666.56,Paid
SALE00211,MEM0115,2026-01-11,2026,Suite Membership,6,15624.0,Paid
SALE00212,MEM0116,2025-01-03,2025,Full Season GA,2,438.6,Paid
SALE00213,MEM0116,2025-12-17,2026,Full Season GA,2,465,Paid
SALE00214,MEM0117,2025-03-16,2025,Full Season GA,1,186.8,Paid
SALE00215,MEM0117,2026-02-10,2026,Full Season GA,1,220,Paid
SALE00216,MEM0118,2025-01-21,2025,Full Season Sideline,6,2912.8,Paid
SALE00217,MEM0118,2025-12-24,2026,Full Season Sideline,6,3120,Paid
SALE00218,MEM0119,2024-11-17,2025,Full Season Sideline,4,1935.2,Paid
SALE00219,MEM0119,2025-11-30,2026,Full Season Sideline,4,2080,Paid
SALE00220,MEM0120,2025-02-03,2025,Full Season Sideline,2,1002.6,Paid
SALE00221,MEM0121,2024-12-28,2025,Full Season GA,1,186.8,Paid
SALE00222,MEM0121,2026-03-03,2026,Full Season GA,1,200,Paid
SALE00223,MEM0122,2024-11-17,2025,Full Season GA,4,852.2,Paid
SALE00224,MEM0122,2025-12-19,2026,Full Season GA,4,860,Paid
SALE00225,MEM0123,2025-02-24,2025,Full Season Reserved,1,338.4,Partial
SALE00226,MEM0123,2025-11-08,2026,Full Season Reserved,1,385,Partial
SALE00227,MEM0124,2024-11-02,2025,Full Season GA,1,206.8,Partial
SALE00228,MEM0124,2026-02-22,2026,Full Season GA,1,220,Partial
SALE00229,MEM0125,2024-12-31,2025,Full Season Reserved,5,1742.0,Paid
SALE00230,MEM0125,2025-11-12,2026,Full Season Reserved,5,1780,Partial
SALE00231,MEM0126,2024-11-02,2025,Premium Deck Season,2,1766.0,Paid
SALE00232,MEM0126,2026-01-14,2026,Premium Deck Season,2,1950,Paid
SALE00233,MEM0127,2024-12-11,2025,Full Season Reserved,4,1333.6,Paid
SALE00234,MEM0128,2025-03-22,2025,Premium Deck Season,2,1836.0,Paid
SALE00235,MEM0128,2025-12-11,2026,Premium Deck Season,2,1900,Paid
SALE00236,MEM0129,2024-11-01,2025,Full Season Sideline,1,513.8,Paid
SALE00237,MEM0130,2025-03-15,2025,Suite Membership,4,10553.0,Paid
SALE00238,MEM0130,2026-02-18,2026,Suite Membership,4,11225,Paid
SALE00239,MEM0131,2025-01-20,2025,Premium Deck Season,1,873.0,Paid
SALE00240,MEM0131,2026-01-09,2026,Premium Deck Season,1,950,Partial
SALE00241,MEM0132,2024-11-11,2025,Full Season Reserved,4,1353.6,Paid
SALE00242,MEM0133,2024-11-22,2025,Full Season Reserved,2,656.8,Paid
SALE00243,MEM0133,2025-11-08,2026,Full Season Reserved,2,700,Paid
SALE00244,MEM0134,2025-01-26,2025,Full Season Sideline,2,957.6,Partial
SALE00245,MEM0134,2026-01-20,2026,Full Season Sideline,2,1040,Paid
SALE00246,MEM0135,2024-11-29,2025,Full Season Reserved,2,726.8,Partial
SALE00247,MEM0136,2025-02-13,2025,Premium Deck Season,4,3301.96,Partial
SALE00248,MEM0136,2025-12-09,2026,Premium Deck Season,4,3559.0,Paid
SALE00249,MEM0137,2024-12-19,2025,Full Season Sideline,6,2727.5,Paid
SALE00250,MEM0137,2026-03-07,2026,Full Season Sideline,6,2926.6,Paid
SALE00251,MEM0138,2025-02-15,2025,Full Season GA,2,393.6,Paid
SALE00252,MEM0138,2026-01-05,2026,Full Season GA,2,490,Partial
SALE00253,MEM0139,2025-01-25,2025,Premium Deck Season,4,3346.96,Paid
SALE00254,MEM0139,2026-03-01,2026,Premium Deck Season,4,3534.0,Paid
SALE00255,MEM0140,2025-01-09,2025,Full Season Sideline,10,4545.84,Paid
SALE00256,MEM0140,2026-02-11,2026,Full Season Sideline,10,4836.0,Paid
SALE00257,MEM0141,2025-02-08,2025,Full Season Reserved,1,388.4,Paid
SALE00258,MEM0141,2026-03-09,2026,Full Season Reserved,1,385,Paid
SALE00259,MEM0142,2025-03-06,2025,Full Season GA,2,413.6,Paid
SALE00260,MEM0142,2025-11-28,2026,Full Season GA,2,490,Paid
SALE00261,MEM0143,2025-03-08,2025,Premium Deck Season,4,3301.96,Paid
SALE00262,MEM0143,2026-01-16,2026,Premium Deck Season,4,3584.0,Pending
SALE00263,MEM0144,2024-11-25,2025,Full Season GA,2,438.6,Paid
SALE00264,MEM0145,2025-03-23,2025,Full Season GA,1,186.8,Paid
SALE00265,MEM0145,2026-03-26,2026,Full Season GA,1,245,Partial
SALE00266,MEM0146,2025-01-24,2025,Full Season GA,1,206.8,Paid
SALE00267,MEM0146,2025-11-11,2026,Full Season GA,1,270,Partial
SALE00268,MEM0147,2025-03-06,2025,Full Season Sideline,12,5505.01,Paid
SALE00269,MEM0147,2026-01-23,2026,Full Season Sideline,12,5783.2,Partial
SALE00270,MEM0148,2025-01-14,2025,Full Season Reserved,5,1672.0,Paid
SALE00271,MEM0148,2026-01-11,2026,Full Season Reserved,5,1800,Partial
SALE00272,MEM0149,2025-01-06,2025,Full Season Sideline,12,5455.01,Paid
SALE00273,MEM0149,2026-03-07,2026,Full Season Sideline,12,5783.2,Paid
SALE00274,MEM0150,2024-11-16,2025,Full Season Sideline,10,4545.84,Paid
SALE00275,MEM0151,2024-11-17,2025,Premium Deck Season,6,4982.94,Paid
SALE00276,MEM0151,2025-12-29,2026,Premium Deck Season,6,5326.0,Paid
SALE00277,MEM0152,2025-02-15,2025,Full Season GA,5,1034.0,Paid
SALE00278,MEM0152,2026-01-04,2026,Full Season GA,5,1150,Paid
SALE00279,MEM0153,2025-02-22,2025,Full Season Reserved,1,318.4,Partial
SALE00280,MEM0153,2026-01-05,2026,Full Season Reserved,1,340,Paid
SALE00281,MEM0154,2025-03-25,2025,Full Season GA,1,256.8,Paid
SALE00282,MEM0154,2025-12-09,2026,Full Season GA,1,200,Paid
SALE00283,MEM0155,2025-02-06,2025,Suite Membership,1,2682.0,Paid
SALE00284,MEM0155,2025-11-03,2026,Suite Membership,1,2780,Paid
SALE00285,MEM0156,2024-11-20,2025,Full Season Sideline,1,488.8,Paid
SALE00286,MEM0156,2026-02-01,2026,Full Season Sideline,1,570,Paid
SALE00287,MEM0157,2024-12-28,2025,Full Season Sideline,4,2005.2,Paid
SALE00288,MEM0157,2026-02-28,2026,Full Season Sideline,4,2105,Paid
SALE00289,MEM0158,2024-11-27,2025,Full Season GA,1,186.8,Paid
SALE00290,MEM0159,2024-12-02,2025,Full Season GA,4,852.2,Paid
SALE00291,MEM0159,2026-01-22,2026,Full Season GA,4,860,Paid
SALE00292,MEM0160,2025-03-07,2025,Full Season Reserved,1,363.4,Paid
SALE00293,MEM0160,2026-02-26,2026,Full Season Reserved,1,360,Paid
SALE00294,MEM0161,2024-11-29,2025,Suite Membership,4,10578.0,Paid
SALE00295,MEM0161,2025-11-02,2026,Suite Membership,4,11225,Partial
SALE00296,MEM0162,2025-03-22,2025,Premium Deck Season,4,3572.0,Partial
SALE00297,MEM0162,2026-01-12,2026,Premium Deck Season,4,3800,Paid
SALE00298,MEM0163,2025-02-20,2025,Full Season GA,2,393.6,Paid
SALE00299,MEM0163,2026-02-18,2026,Full Season GA,2,465,Paid
SALE00300,MEM0164,2024-11-12,2025,Premium Deck Season,1,918.0,Paid
SALE00301,MEM0164,2025-12-04,2026,Premium Deck Season,1,930,Paid
SALE00302,MEM0165,2024-12-11,2025,Full Season GA,2,413.6,Paid
SALE00303,MEM0165,2026-01-16,2026,Full Season GA,2,490,Pending
SALE00304,MEM0166,2025-01-06,2025,Full Season Reserved,2,676.8,Paid
SALE00305,MEM0166,2025-12-09,2026,Full Season Reserved,2,700,Pending
SALE00306,MEM0167,2025-02-24,2025,Full Season Sideline,1,488.8,Paid
SALE00307,MEM0167,2026-03-05,2026,Full Season Sideline,1,570,Paid
SALE00308,MEM0168,2025-02-17,2025,Full Season Reserved,5,1717.0,Paid
SALE00309,MEM0168,2026-01-11,2026,Full Season Reserved,5,1780,Partial
SALE00310,MEM0169,2024-11-27,2025,Full Season Sideline,3,1466.4,Partial
SALE00311,MEM0170,2024-11-12,2025,Full Season Sideline,6,2932.8,Paid
SALE00312,MEM0170,2026-01-08,2026,Full Season Sideline,6,3120,Paid
SALE00313,MEM0171,2025-02-09,2025,Full Season Reserved,4,1403.6,Paid
SALE00314,MEM0172,2025-03-17,2025,Full Season GA,1,256.8,Paid
SALE00315,MEM0172,2025-12-16,2026,Full Season GA,1,220,Paid
SALE00316,MEM0173,2025-02-12,2025,Suite Membership,8,19582.08,Paid
SALE00317,MEM0174,2024-12-26,2025,Premium Deck Season,1,918.0,Paid
SALE00318,MEM0174,2025-11-04,2026,Premium Deck Season,1,1000,Paid
SALE00319,MEM0175,2024-12-09,2025,Full Season GA,1,206.8,Paid
SALE00320,MEM0175,2025-11-10,2026,Full Season GA,1,200,Paid
SALE00321,MEM0176,2024-12-14,2025,Premium Deck Season,8,6623.92,Paid
SALE00322,MEM0176,2026-02-10,2026,Premium Deck Season,8,7068.0,Paid
SALE00323,MEM0177,2024-12-28,2025,Full Season Reserved,1,338.4,Paid
SALE00324,MEM0178,2025-01-30,2025,Full Season Sideline,4,2005.2,Partial
SALE00325,MEM0178,2025-12-02,2026,Full Season Sideline,4,2105,Paid
SALE00326,MEM0179,2025-02-05,2025,Premium Deck Season,4,3552.0,Paid
SALE00327,MEM0179,2026-02-14,2026,Premium Deck Season,4,3800,Paid
SALE00328,MEM0180,2025-02-12,2025,Full Season GA,1,206.8,Partial
SALE00329,MEM0180,2025-12-20,2026,Full Season GA,1,245,Partial
SALE00330,MEM0181,2024-11-14,2025,Full Season Reserved,2,676.8,Paid
SALE00331,MEM0181,2026-01-02,2026,Full Season Reserved,2,745,Partial
SALE00332,MEM0182,2024-12-19,2025,Full Season GA,1,206.8,Paid
SALE00333,MEM0182,2025-12-08,2026,Full Season GA,1,220,Paid
SALE00334,MEM0183,2025-01-10,2025,Premium Deck Season,2,1786.0,Paid
SALE00335,MEM0183,2026-03-21,2026,Premium Deck Season,2,1880,Paid
SALE00336,MEM0184,2025-01-08,2025,Full Season Sideline,6,2707.5,Paid
SALE00337,MEM0184,2026-03-24,2026,Full Season Sideline,6,2926.6,Paid
SALE00338,MEM0185,2025-03-24,2025,Full Season Reserved,4,1378.6,Paid
SALE00339,MEM0185,2026-03-18,2026,Full Season Reserved,4,1440,Partial
SALE00340,MEM0186,2025-01-13,2025,Full Season GA,1,186.8,Paid
SALE00341,MEM0186,2025-11-14,2026,Full Season GA,1,200,Paid
SALE00342,MEM0187,2025-01-22,2025,Full Season GA,1,256.8,Paid
SALE00343,MEM0188,2025-01-13,2025,Premium Deck Season,1,893.0,Paid
SALE00344,MEM0188,2025-11-07,2026,Premium Deck Season,1,930,Pending
SALE00345,MEM0189,2024-11-16,2025,Full Season GA,2,413.6,Paid
SALE00346,MEM0189,2026-01-20,2026,Full Season GA,2,465,Paid
SALE00347,MEM0190,2025-03-17,2025,Premium Deck Season,6,5032.94,Paid
SALE00348,MEM0190,2026-03-08,2026,Premium Deck Season,6,5281.0,Paid
SALE00349,MEM0191,2025-03-25,2025,Full Season Reserved,6,2030.4,Paid
SALE00350,MEM0191,2025-11-02,2026,Full Season Reserved,6,2160,Paid
SALE00351,MEM0192,2024-11-14,2025,Full Season Reserved,1,338.4,Paid
SALE00352,MEM0193,2025-01-02,2025,Premium Deck Season,4,3301.96,Paid
SALE00353,MEM0193,2025-11-04,2026,Premium Deck Season,4,3534.0,Paid
SALE00354,MEM0194,2025-03-16,2025,Full Season Sideline,6,2982.8,Paid
SALE00355,MEM0195,2025-02-25,2025,Premium Deck Season,1,918.0,Paid
SALE00356,MEM0195,2025-11-30,2026,Premium Deck Season,1,950,Paid
SALE00357,MEM0196,2024-11-13,2025,Full Season Sideline,5,2444.0,Paid
SALE00358,MEM0196,2025-12-01,2026,Full Season Sideline,5,2650,Pending
SALE00359,MEM0197,2025-01-23,2025,Full Season Sideline,4,1843.34,Paid
SALE00360,MEM0197,2026-03-04,2026,Full Season Sideline,4,1934.4,Paid
SALE00361,MEM0198,2025-03-11,2025,Premium Deck Season,1,873.0,Partial
SALE00362,MEM0198,2025-12-17,2026,Premium Deck Season,1,975,Paid
SALE00363,MEM0199,2025-02-06,2025,Full Season Reserved,1,338.4,Paid
SALE00364,MEM0199,2026-03-09,2026,Full Season Reserved,1,360,Paid
SALE00365,MEM0200,2025-02-22,2025,Premium Deck Season,4,3572.0,Paid
SALE00366,MEM0200,2025-12-28,2026,Premium Deck Season,4,3800,Paid
SALE00367,MEM0201,2024-12-06,2025,Full Season Reserved,1,388.4,Paid
SALE00368,MEM0201,2026-01-21,2026,Full Season Reserved,1,360,Paid
SALE00369,MEM0202,2024-11-30,2025,Full Season GA,1,206.8,Partial
SALE00370,MEM0202,2026-01-04,2026,Full Season GA,1,245,Paid
SALE00371,MEM0203,2025-02-21,2025,Full Season Sideline,3,1516.4,Paid
SALE00372,MEM0203,2026-01-28,2026,Full Season Sideline,3,1540,Paid
SALE00373,MEM0204,2024-12-02,2025,Full Season Reserved,4,1353.6,Paid
SALE00374,MEM0204,2025-12-01,2026,Full Season Reserved,4,1490,Partial
SALE00375,MEM0205,2024-11-23,2025,Premium Deck Season,4,3371.96,Paid
SALE00376,MEM0205,2025-11-24,2026,Premium Deck Season,4,3534.0,Paid
SALE00377,MEM0206,2024-11-06,2025,Full Season Reserved,4,1333.6,Paid
SALE00378,MEM0206,2025-11-11,2026,Full Season Reserved,4,1440,Paid
SALE00379,MEM0207,2025-02-04,2025,Full Season Sideline,1,468.8,Paid
SALE00380,MEM0207,2026-02-18,2026,Full Season Sideline,1,570,Partial
SALE00381,MEM0208,2024-12-25,2025,Full Season GA,1,206.8,Paid
SALE00382,MEM0208,2025-12-10,2026,Full Season GA,1,245,Paid
SALE00383,MEM0209,2024-12-08,2025,Full Season GA,2,438.6,Paid
SALE00384,MEM0209,2026-01-07,2026,Full Season GA,2,465,Paid
SALE00385,MEM0210,2025-02-28,2025,Premium Deck Season,1,943.0,Paid
SALE00386,MEM0210,2026-03-26,2026,Premium Deck Season,1,950,Paid
SALE00387,MEM0211,2024-12-16,2025,Suite Membership,12,29373.12,Paid
SALE00388,MEM0211,2026-02-05,2026,Suite Membership,12,31228.0,Paid
SALE00389,MEM0212,2024-12-21,2025,Full Season Sideline,2,1002.6,Paid
SALE00390,MEM0212,2026-02-21,2026,Full Season Sideline,2,1020,Paid
SALE00391,MEM0213,2024-12-02,2025,Full Season Reserved,1,338.4,Paid
SALE00392,MEM0213,2026-01-16,2026,Full Season Reserved,1,410,Paid
SALE00393,MEM0214,2025-01-20,2025,Full Season Reserved,1,388.4,Paid
SALE00394,MEM0215,2024-11-18,2025,Premium Deck Season,2,1836.0,Partial
SALE00395,MEM0215,2026-02-19,2026,Premium Deck Season,2,1925,Paid
SALE00396,MEM0216,2024-12-19,2025,Full Season Reserved,2,701.8,Paid
SALE00397,MEM0217,2025-02-18,2025,Full Season Sideline,4,1955.2,Paid
SALE00398,MEM0218,2024-12-20,2025,Premium Deck Season,10,8284.9,Paid
SALE00399,MEM0218,2026-01-20,2026,Premium Deck Season,10,8885.0,Paid
SALE00400,MEM0219,2025-01-11,2025,Full Season GA,1,206.8,Partial
SALE00401,MEM0219,2026-03-22,2026,Full Season GA,1,200,Partial
SALE00402,MEM0220,2025-03-20,2025,Full Season GA,5,1084.0,Paid
SALE00403,MEM0220,2025-11-28,2026,Full Season GA,5,1100,Paid
SALE00404,MEM0221,2024-12-30,2025,Full Season Sideline,5,2424.0,Paid
SALE00405,MEM0221,2026-03-21,2026,Full Season Sideline,5,2650,Partial
SALE00406,MEM0222,2025-02-14,2025,Full Season Sideline,1,488.8,Paid
SALE00407,MEM0222,2025-11-12,2026,Full Season Sideline,1,520,Paid
SALE00408,MEM0223,2025-01-11,2025,Full Season Sideline,4,1955.2,Paid
SALE00409,MEM0223,2025-12-24,2026,Full Season Sideline,4,2080,Paid
SALE00410,MEM0224,2025-03-13,2025,Premium Deck Season,4,3622.0,Paid
SALE00411,MEM0224,2026-01-01,2026,Premium Deck Season,4,3780,Paid
SALE00412,MEM0225,2025-02-07,2025,Full Season Reserved,2,656.8,Paid
SALE00413,MEM0225,2026-01-23,2026,Full Season Reserved,2,700,Paid
SALE00414,MEM0226,2024-12-10,2025,Full Season Reserved,1,363.4,Paid
SALE00415,MEM0226,2025-11-02,2026,Full Season Reserved,1,340,Paid
SALE00416,MEM0227,2025-01-02,2025,Full Season Reserved,2,726.8,Paid
SALE00417,MEM0227,2026-02-06,2026,Full Season Reserved,2,745,Partial
SALE00418,MEM0228,2025-02-28,2025,Full Season Reserved,4,1333.6,Paid
SALE00419,MEM0228,2025-12-10,2026,Full Season Reserved,4,1465,Partial
SALE00420,MEM0229,2024-12-12,2025,Full Season GA,1,231.8,Paid
SALE00421,MEM0229,2026-03-10,2026,Full Season GA,1,270,Paid
SALE00422,MEM0230,2025-02-18,2025,Full Season Sideline,6,2932.8,Paid
SALE00423,MEM0230,2025-11-08,2026,Full Season Sideline,6,3120,Paid
SALE00424,MEM0231,2025-03-05,2025,Full Season Reserved,4,1353.6,Paid
SALE00425,MEM0231,2026-03-23,2026,Full Season Reserved,4,1490,Paid
SALE00426,MEM0232,2024-12-08,2025,Full Season Reserved,1,338.4,Partial
SALE00427,MEM0233,2024-11-12,2025,Full Season Sideline,3,1516.4,Paid
SALE00428,MEM0233,2025-11-24,2026,Full Season Sideline,3,1610,Paid
SALE00429,MEM0234,2025-03-19,2025,Full Season Reserved,4,1353.6,Paid
SALE00430,MEM0234,2026-03-08,2026,Full Season Reserved,4,1420,Paid
SALE00431,MEM0235,2025-02-28,2025,Premium Deck Season,2,1786.0,Paid
SALE00432,MEM0235,2026-02-10,2026,Premium Deck Season,2,1900,Paid
SALE00433,MEM0236,2025-03-25,2025,Full Season Reserved,4,1403.6,Paid
SALE00434,MEM0236,2026-02-14,2026,Full Season Reserved,4,1440,Paid
SALE00435,MEM0237,2025-03-16,2025,Full Season GA,2,413.6,Paid
SALE00436,MEM0237,2025-11-18,2026,Full Season GA,2,465,Paid
SALE00437,MEM0238,2025-02-08,2025,Full Season GA,1,186.8,Paid
SALE00438,MEM0239,2025-02-11,2025,Full Season Sideline,2,1027.6,Paid
SALE00439,MEM0239,2025-12-11,2026,Full Season Sideline,2,1065,Pending
SALE00440,MEM0240,2025-01-19,2025,Premium Deck Season,6,4982.94,Paid
SALE00441,MEM0240,2026-03-20,2026,Premium Deck Season,6,5301.0,Paid
SALE00442,MEM0241,2025-03-09,2025,Full Season Reserved,1,318.4,Paid
SALE00443,MEM0241,2025-11-20,2026,Full Season Reserved,1,385,Paid
SALE00444,MEM0242,2024-12-11,2025,Full Season GA,1,206.8,Paid
SALE00445,MEM0242,2026-02-25,2026,Full Season GA,1,270,Paid
SALE00446,MEM0243,2024-12-26,2025,Full Season Reserved,5,1672.0,Paid
SALE00447,MEM0243,2025-11-16,2026,Full Season Reserved,5,1850,Paid
SALE00448,MEM0244,2025-03-24,2025,Full Season Sideline,1,468.8,Paid
SALE00449,MEM0244,2026-01-28,2026,Full Season Sideline,1,520,Paid
SALE00450,MEM0245,2025-03-16,2025,Full Season Sideline,1,513.8,Paid
SALE00451,MEM0245,2025-11-12,2026,Full Season Sideline,1,520,Paid
SALE00452,MEM0246,2025-03-17,2025,Premium Deck Season,1,893.0,Partial
SALE00453,MEM0246,2026-02-15,2026,Premium Deck Season,1,950,Paid
SALE00454,MEM0247,2025-02-26,2025,Full Season GA,1,206.8,Paid
SALE00455,MEM0247,2025-12-17,2026,Full Season GA,1,200,Paid
SALE00456,MEM0248,2025-03-10,2025,Full Season GA,1,186.8,Paid
SALE00457,MEM0248,2026-02-17,2026,Full Season GA,1,245,Paid
SALE00458,MEM0249,2025-01-21,2025,Premium Deck Season,12,10015.88,Paid
SALE00459,MEM0249,2026-03-02,2026,Premium Deck Season,12,10602.0,Partial
SALE00460,MEM0250,2024-11-07,2025,Full Season GA,1,256.8,Paid
SALE00461,MEM0250,2026-03-23,2026,Full Season GA,1,200,Partial
SALE00462,MEM0251,2024-12-25,2025,Full Season Sideline,4,1980.2,Paid
SALE00463,MEM0251,2026-01-25,2026,Full Season Sideline,4,2080,Paid
SALE00464,MEM0252,2024-12-03,2025,Full Season Sideline,5,2469.0,Paid
SALE00465,MEM0252,2026-03-15,2026,Full Season Sideline,5,2650,Paid
SALE00466,MEM0253,2025-01-13,2025,Full Season GA,3,600.4,Paid
SALE00467,MEM0253,2026-01-21,2026,Full Season GA,3,685,Paid
SALE00468,MEM0254,2024-11-26,2025,Full Season Sideline,2,977.6,Paid
SALE00469,MEM0254,2026-02-21,2026,Full Season Sideline,2,1040,Paid
SALE00470,MEM0255,2025-01-12,2025,Full Season Sideline,8,3636.67,Paid
SALE00471,MEM0255,2025-12-01,2026,Full Season Sideline,8,3893.8,Partial
SALE00472,MEM0256,2025-02-08,2025,Suite Membership,6,14686.56,Paid
SALE00473,MEM0257,2025-01-10,2025,Premium Deck Season,4,3572.0,Paid
SALE00474,MEM0257,2025-11-29,2026,Premium Deck Season,4,3825,Paid
SALE00475,MEM0258,2024-12-11,2025,Premium Deck Season,12,9990.88,Partial
SALE00476,MEM0258,2025-11-10,2026,Premium Deck Season,12,10602.0,Paid
SALE00477,MEM0259,2025-03-03,2025,Premium Deck Season,2,1811.0,Paid
SALE00478,MEM0259,2025-11-09,2026,Premium Deck Season,2,1950,Paid
SALE00479,MEM0260,2024-11-04,2025,Full Season Reserved,4,1378.6,Paid
SALE00480,MEM0260,2026-02-11,2026,Full Season Reserved,4,1440,Paid
SALE00481,MEM0261,2024-11-30,2025,Full Season Reserved,4,1353.6,Partial
SALE00482,MEM0261,2026-01-15,2026,Full Season Reserved,4,1465,Paid
SALE00483,MEM0262,2024-12-06,2025,Full Season GA,2,393.6,Partial
SALE00484,MEM0262,2026-03-11,2026,Full Season GA,2,440,Partial
SALE00485,MEM0263,2025-01-27,2025,Premium Deck Season,1,893.0,Paid
SALE00486,MEM0264,2025-01-27,2025,Full Season GA,1,206.8,Paid
SALE00487,MEM0264,2026-01-07,2026,Full Season GA,1,220,Pending
SALE00488,MEM0265,2025-02-17,2025,Premium Deck Season,10,8329.9,Paid
SALE00489,MEM0266,2024-12-16,2025,Full Season Sideline,2,1027.6,Paid
SALE00490,MEM0266,2026-02-27,2026,Full Season Sideline,2,1040,Paid
SALE00491,MEM0267,2025-02-16,2025,Full Season Sideline,2,1002.6,Paid
SALE00492,MEM0267,2025-11-12,2026,Full Season Sideline,2,1065,Paid
SALE00493,MEM0268,2024-11-26,2025,Premium Deck Season,6,5358.0,Paid
SALE00494,MEM0268,2026-01-06,2026,Premium Deck Season,6,5680,Partial
SALE00495,MEM0269,2024-12-12,2025,Full Season Reserved,1,363.4,Paid
SALE00496,MEM0270,2024-12-30,2025,Full Season Reserved,2,726.8,Paid
SALE00497,MEM0270,2026-03-18,2026,Full Season Reserved,2,770,Paid
SALE00498,MEM0271,2024-12-31,2025,Full Season Reserved,4,1403.6,Paid
SALE00499,MEM0272,2024-12-22,2025,Full Season GA,2,463.6,Paid
SALE00500,MEM0273,2025-03-15,2025,Full Season Sideline,1,513.8,Paid
SALE00501,MEM0273,2025-12-10,2026,Full Season Sideline,1,520,Pending
SALE00502,MEM0274,2025-01-04,2025,Full Season Sideline,2,1002.6,Paid
SALE00503,MEM0274,2026-02-16,2026,Full Season Sideline,2,1040,Paid
SALE00504,MEM0275,2025-02-19,2025,Full Season Reserved,5,1672.0,Paid
SALE00505,MEM0275,2026-02-01,2026,Full Season Reserved,5,1825,Paid
SALE00506,MEM0276,2025-01-08,2025,Full Season Reserved,2,726.8,Paid
SALE00507,MEM0276,2026-01-19,2026,Full Season Reserved,2,720,Paid
SALE00508,MEM0277,2024-11-21,2025,Full Season Sideline,4,1955.2,Paid
SALE00509,MEM0277,2026-02-14,2026,Full Season Sideline,4,2080,Pending
SALE00510,MEM0278,2025-02-02,2025,Suite Membership,4,10508.0,Paid
SALE00511,MEM0278,2025-11-09,2026,Suite Membership,4,11180,Paid
SALE00512,MEM0279,2024-12-09,2025,Full Season Sideline,1,513.8,Paid
SALE00513,MEM0280,2025-01-13,2025,Suite Membership,4,10553.0,Paid
SALE00514,MEM0280,2025-11-10,2026,Suite Membership,4,11250,Paid
SALE00515,MEM0281,2024-11-20,2025,Full Season Sideline,4,1955.2,Paid
SALE00516,MEM0281,2026-03-26,2026,Full Season Sideline,4,2060,Pending
SALE00517,MEM0282,2024-11-28,2025,Full Season Reserved,2,701.8,Paid
SALE00518,MEM0282,2026-01-22,2026,Full Season Reserved,2,720,Paid
SALE00519,MEM0283,2025-01-19,2025,Premium Deck Season,1,893.0,Paid
SALE00520,MEM0283,2025-11-25,2026,Premium Deck Season,1,975,Paid
SALE00521,MEM0284,2025-01-08,2025,Full Season GA,2,438.6,Partial
SALE00522,MEM0284,2026-03-06,2026,Full Season GA,2,440,Paid
SALE00523,MEM0285,2024-12-11,2025,Full Season Reserved,1,318.4,Paid
SALE00524,MEM0286,2025-01-20,2025,Full Season Sideline,4,1955.2,Partial
SALE00525,MEM0286,2026-01-27,2026,Full Season Sideline,4,2130,Pending
SALE00526,MEM0287,2025-02-26,2025,Suite Membership,12,29373.12,Paid
SALE00527,MEM0287,2025-12-21,2026,Suite Membership,12,31248.0,Paid
SALE00528,MEM0288,2025-02-10,2025,Suite Membership,6,14686.56,Paid
SALE00529,MEM0289,2025-02-11,2025,Full Season GA,1,256.8,Paid
SALE00530,MEM0289,2025-11-12,2026,Full Season GA,1,245,Partial
SALE00531,MEM0290,2025-03-17,2025,Full Season Reserved,2,701.8,Paid
SALE00532,MEM0290,2025-11-17,2026,Full Season Reserved,2,700,Paid
SALE00533,MEM0291,2024-11-24,2025,Full Season GA,6,1240.8,Paid
SALE00534,MEM0291,2026-01-04,2026,Full Season GA,6,1300,Paid
SALE00535,MEM0292,2025-01-31,2025,Premium Deck Season,2,1766.0,Paid
SALE00536,MEM0292,2026-02-13,2026,Premium Deck Season,2,1900,Partial
SALE00537,MEM0293,2025-02-26,2025,Full Season Sideline,2,1002.6,Paid
SALE00538,MEM0294,2025-01-05,2025,Premium Deck Season,1,893.0,Partial
SALE00539,MEM0294,2026-01-18,2026,Premium Deck Season,1,975,Partial
SALE00540,MEM0295,2025-02-19,2025,Full Season GA,2,413.6,Paid
SALE00541,MEM0295,2026-01-21,2026,Full Season GA,2,440,Paid
SALE00542,MEM0296,2025-03-06,2025,Full Season GA,1,206.8,Paid
SALE00543,MEM0296,2026-02-14,2026,Full Season GA,1,200,Paid
SALE00544,MEM0297,2025-02-04,2025,Full Season GA,1,256.8,Paid
SALE00545,MEM0298,2024-12-20,2025,Premium Deck Season,4,3622.0,Paid
SALE00546,MEM0298,2026-03-08,2026,Premium Deck Season,4,3800,Paid
SALE00547,MEM0299,2025-03-24,2025,Full Season Reserved,2,701.8,Paid
SALE00548,MEM0299,2026-03-25,2026,Full Season Reserved,2,720,Partial
SALE00549,MEM0300,2024-11-18,2025,Full Season Reserved,1,338.4,Paid
SALE00550,MEM0300,2025-12-12,2026,Full Season Reserved,1,410,Partial
SALE00551,MEM0301,2024-12-13,2025,Premium Deck Season,1,893.0,Paid
SALE00552,MEM0301,2025-11-26,2026,Premium Deck Season,1,975,Paid
SALE00553,MEM0302,2025-01-10,2025,Full Season Sideline,1,488.8,Partial
SALE00554,MEM0302,2026-01-03,2026,Full Season Sideline,1,520,Paid
SALE00555,MEM0303,2025-03-07,2025,Full Season GA,1,231.8,Paid
SALE00556,MEM0304,2025-01-15,2025,Full Season Sideline,3,1466.4,Paid
SALE00557,MEM0304,2025-12-08,2026,Full Season Sideline,3,1610,Paid
SALE00558,MEM0305,2025-01-28,2025,Full Season GA,1,231.8,Paid
SALE00559,MEM0305,2026-03-08,2026,Full Season GA,1,220,Paid
SALE00560,MEM0306,2024-11-14,2025,Full Season GA,1,206.8,Paid
SALE00561,MEM0306,2026-03-01,2026,Full Season GA,1,245,Partial
SALE00562,MEM0307,2025-02-09,2025,Full Season GA,1,206.8,Paid
SALE00563,MEM0307,2026-03-04,2026,Full Season GA,1,220,Partial
SALE00564,MEM0308,2025-03-11,2025,Suite Membership,4,10528.0,Paid
SALE00565,MEM0308,2026-01-15,2026,Suite Membership,4,11180,Paid
SALE00566,MEM0309,2024-11-03,2025,Full Season Sideline,8,3661.67,Paid
SALE00567,MEM0309,2025-11-20,2026,Full Season Sideline,8,3848.8,Paid
SALE00568,MEM0310,2025-02-22,2025,Suite Membership,10,24527.6,Paid
SALE00569,MEM0310,2025-12-15,2026,Suite Membership,10,26090.0,Paid
SALE00570,MEM0311,2025-03-26,2025,Full Season Reserved,2,676.8,Paid
SALE00571,MEM0311,2026-01-06,2026,Full Season Reserved,2,720,Paid
SALE00572,MEM0312,2025-03-09,2025,Full Season Sideline,12,5455.01,Paid
SALE00573,MEM0312,2026-01-31,2026,Full Season Sideline,12,5853.2,Partial
SALE00574,MEM0313,2025-03-01,2025,Full Season Sideline,2,957.6,Paid
SALE00575,MEM0313,2026-01-12,2026,Full Season Sideline,2,1090,Pending
SALE00576,MEM0314,2024-11-01,2025,Full Season Reserved,4,1353.6,Paid
SALE00577,MEM0314,2026-03-01,2026,Full Season Reserved,4,1490,Paid
SALE00578,MEM0315,2024-11-23,2025,Full Season Reserved,5,1692.0,Paid
SALE00579,MEM0315,2025-12-29,2026,Full Season Reserved,5,1800,Partial
SALE00580,MEM0316,2025-01-29,2025,Full Season GA,1,231.8,Paid
SALE00581,MEM0316,2025-11-30,2026,Full Season GA,1,220,Paid
SALE00582,MEM0317,2024-12-28,2025,Full Season Sideline,3,1466.4,Partial
SALE00583,MEM0317,2026-01-07,2026,Full Season Sideline,3,1560,Paid
SALE00584,MEM0318,2025-02-28,2025,Full Season Sideline,4,1935.2,Paid
SALE00585,MEM0318,2025-11-06,2026,Full Season Sideline,4,2105,Paid
SALE00586,MEM0319,2024-12-26,2025,Full Season GA,2,393.6,Paid
SALE00587,MEM0319,2026-01-24,2026,Full Season GA,2,490,Pending
SALE00588,MEM0320,2025-01-01,2025,Premium Deck Season,2,1786.0,Paid
SALE00589,MEM0320,2026-03-19,2026,Premium Deck Season,2,1900,Partial
SALE00590,MEM0321,2024-11-06,2025,Full Season GA,1,231.8,Paid
SALE00591,MEM0321,2025-12-02,2026,Full Season GA,1,220,Paid
SALE00592,MEM0322,2024-11-19,2025,Full Season Sideline,12,5435.01,Paid
SALE00593,MEM0322,2025-12-17,2026,Full Season Sideline,12,5828.2,Paid
SALE00594,MEM0323,2024-12-09,2025,Full Season GA,1,186.8,Paid
SALE00595,MEM0323,2026-03-11,2026,Full Season GA,1,200,Partial
SALE00596,MEM0324,2025-01-07,2025,Full Season Reserved,6,2055.4,Paid
SALE00597,MEM0324,2026-03-10,2026,Full Season Reserved,6,2210,Partial
SALE00598,MEM0325,2025-02-27,2025,Full Season Reserved,6,2055.4,Paid
SALE00599,MEM0325,2026-03-05,2026,Full Season Reserved,6,2140,Pending
SALE00600,MEM0326,2024-11-08,2025,Full Season GA,1,231.8,Paid
SALE00601,MEM0326,2026-02-03,2026,Full Season GA,1,200,Paid
SALE00602,MEM0327,2024-12-04,2025,Full Season Reserved,2,701.8,Paid
SALE00603,MEM0327,2025-12-18,2026,Full Season Reserved,2,745,Paid
SALE00604,MEM0328,2025-01-05,2025,Premium Deck Season,1,893.0,Paid
SALE00605,MEM0328,2026-01-25,2026,Premium Deck Season,1,975,Paid
SALE00606,MEM0329,2025-03-07,2025,Full Season Reserved,2,726.8,Paid
SALE00607,MEM0329,2026-01-05,2026,Full Season Reserved,2,745,Paid
SALE00608,MEM0330,2025-03-12,2025,Full Season Reserved,1,388.4,Paid
SALE00609,MEM0330,2026-01-01,2026,Full Season Reserved,1,385,Partial
SALE00610,MEM0331,2025-03-13,2025,Full Season Sideline,4,1843.34,Paid
SALE00611,MEM0332,2025-01-24,2025,Full Season GA,1,206.8,Paid
SALE00612,MEM0332,2025-12-19,2026,Full Season GA,1,270,Paid
SALE00613,MEM0333,2025-02-20,2025,Suite Membership,6,14686.56,Paid
SALE00614,MEM0333,2025-11-28,2026,Suite Membership,6,15674.0,Paid
SALE00615,MEM0334,2025-01-10,2025,Full Season Reserved,1,338.4,Paid
SALE00616,MEM0334,2026-03-20,2026,Full Season Reserved,1,360,Pending
SALE00617,MEM0335,2025-02-01,2025,Full Season Reserved,2,701.8,Partial
SALE00618,MEM0336,2025-03-26,2025,Full Season Reserved,2,676.8,Partial
SALE00619,MEM0336,2026-02-11,2026,Full Season Reserved,2,720,Paid
SALE00620,MEM0337,2024-11-05,2025,Full Season Sideline,4,1935.2,Paid
SALE00621,MEM0337,2026-01-30,2026,Full Season Sideline,4,2060,Partial
SALE00622,MEM0338,2025-01-20,2025,Full Season GA,1,206.8,Paid
SALE00623,MEM0339,2025-01-12,2025,Premium Deck Season,4,3597.0,Paid
SALE00624,MEM0339,2026-03-20,2026,Premium Deck Season,4,3825,Paid
SALE00625,MEM0340,2025-02-01,2025,Full Season GA,6,1240.8,Partial
SALE00626,MEM0340,2025-12-20,2026,Full Season GA,6,1320,Paid
SALE00627,MEM0341,2025-02-23,2025,Full Season Reserved,2,726.8,Paid
SALE00628,MEM0341,2025-11-19,2026,Full Season Reserved,2,720,Pending
SALE00629,MEM0342,2025-03-07,2025,Full Season Reserved,1,338.4,Paid
SALE00630,MEM0342,2025-11-17,2026,Full Season Reserved,1,410,Partial
SALE00631,MEM0343,2024-11-25,2025,Full Season GA,1,231.8,Paid
SALE00632,MEM0343,2025-11-13,2026,Full Season GA,1,220,Paid
SALE00633,MEM0344,2024-11-06,2025,Premium Deck Season,2,1766.0,Paid
SALE00634,MEM0344,2025-12-14,2026,Premium Deck Season,2,1925,Paid
SALE00635,MEM0345,2025-01-18,2025,Full Season GA,1,256.8,Paid
SALE00636,MEM0345,2026-01-31,2026,Full Season GA,1,270,Paid
SALE00637,MEM0346,2025-02-27,2025,Full Season Sideline,1,468.8,Paid
SALE00638,MEM0346,2026-01-29,2026,Full Season Sideline,1,500,Paid
SALE00639,MEM0347,2025-01-23,2025,Full Season GA,1,206.8,Paid
SALE00640,MEM0347,2025-11-14,2026,Full Season GA,1,245,Paid
SALE00641,MEM0348,2024-11-01,2025,Premium Deck Season,1,893.0,Paid
SALE00642,MEM0348,2026-03-07,2026,Premium Deck Season,1,975,Partial
SALE00643,MEM0349,2024-12-24,2025,Full Season Reserved,5,1692.0,Partial
SALE00644,MEM0349,2026-02-28,2026,Full Season Reserved,5,1850,Paid
SALE00645,MEM0350,2024-12-13,2025,Full Season GA,1,231.8,Partial
SALE00646,MEM0350,2026-02-07,2026,Full Season GA,1,220,Paid
SALE00647,MEM0351,2025-03-12,2025,Full Season Sideline,12,5505.01,Paid
SALE00648,MEM0351,2026-01-21,2026,Full Season Sideline,12,5803.2,Partial
SALE00649,MEM0352,2025-01-29,2025,Full Season Reserved,1,338.4,Paid
SALE00650,MEM0352,2025-12-23,2026,Full Season Reserved,1,410,Paid
SALE00651,MEM0353,2024-11-07,2025,Full Season GA,2,438.6,Paid
SALE00652,MEM0353,2025-12-20,2026,Full Season GA,2,420,Paid
SALE00653,MEM0354,2025-01-16,2025,Full Season Sideline,6,2727.5,Paid
SALE00654,MEM0354,2026-01-08,2026,Full Season Sideline,6,2881.6,Paid
SALE00655,MEM0355,2025-03-25,2025,Full Season Reserved,2,701.8,Paid
SALE00656,MEM0355,2026-01-20,2026,Full Season Reserved,2,770,Paid
SALE00657,MEM0356,2025-02-07,2025,Full Season Reserved,1,338.4,Partial
SALE00658,MEM0356,2025-12-22,2026,Full Season Reserved,1,410,Paid
SALE00659,MEM0357,2024-12-07,2025,Full Season Reserved,1,363.4,Paid
SALE00660,MEM0357,2025-11-20,2026,Full Season Reserved,1,360,Paid
SALE00661,MEM0358,2024-12-29,2025,Full Season GA,1,231.8,Paid
SALE00662,MEM0358,2025-11-02,2026,Full Season GA,1,245,Paid
SALE00663,MEM0359,2024-11-29,2025,Full Season Sideline,4,2005.2,Paid
SALE00664,MEM0359,2025-11-23,2026,Full Season Sideline,4,2060,Paid
SALE00665,MEM0360,2024-12-20,2025,Full Season GA,4,807.2,Paid
SALE00666,MEM0361,2025-02-20,2025,Full Season Reserved,2,701.8,Paid
SALE00667,MEM0361,2025-11-05,2026,Full Season Reserved,2,745,Paid
SALE00668,MEM0362,2024-11-27,2025,Premium Deck Season,1,893.0,Paid
SALE00669,MEM0362,2026-02-04,2026,Premium Deck Season,1,975,Paid
SALE00670,MEM0363,2024-11-20,2025,Full Season Sideline,2,1027.6,Paid
SALE00671,MEM0363,2026-02-12,2026,Full Season Sideline,2,1065,Paid
SALE00672,MEM0364,2024-11-03,2025,Full Season Reserved,4,1333.6,Paid
SALE00673,MEM0364,2025-11-14,2026,Full Season Reserved,4,1440,Paid
SALE00674,MEM0365,2024-11-01,2025,Premium Deck Season,4,3552.0,Paid
SALE00675,MEM0365,2025-12-18,2026,Premium Deck Season,4,3825,Paid
SALE00676,MEM0366,2025-01-27,2025,Suite Membership,1,2657.0,Paid
SALE00677,MEM0366,2026-01-17,2026,Suite Membership,1,2825,Paid
SALE00678,MEM0367,2025-02-10,2025,Full Season GA,1,206.8,Paid
SALE00679,MEM0367,2025-12-20,2026,Full Season GA,1,220,Paid
SALE00680,MEM0368,2025-03-03,2025,Full Season Sideline,1,513.8,Paid
SALE00681,MEM0368,2025-11-22,2026,Full Season Sideline,1,500,Partial
SALE00682,MEM0369,2025-02-19,2025,Full Season Sideline,2,1027.6,Paid
SALE00683,MEM0369,2025-11-06,2026,Full Season Sideline,2,1040,Paid
SALE00684,MEM0370,2024-11-14,2025,Full Season GA,2,463.6,Paid
SALE00685,MEM0370,2026-02-18,2026,Full Season GA,2,440,Paid
SALE00686,MEM0371,2025-03-05,2025,Full Season Sideline,2,957.6,Paid
SALE00687,MEM0371,2025-11-26,2026,Full Season Sideline,2,1065,Paid
SALE00688,MEM0372,2025-01-25,2025,Full Season Reserved,1,338.4,Partial
SALE00689,MEM0373,2025-02-27,2025,Full Season Sideline,1,488.8,Paid
SALE00690,MEM0373,2026-01-22,2026,Full Season Sideline,1,520,Pending
SALE00691,MEM0374,2025-01-15,2025,Premium Deck Season,10,8304.9,Paid
SALE00692,MEM0374,2025-11-01,2026,Premium Deck Season,10,8860.0,Paid
SALE00693,MEM0375,2024-11-18,2025,Full Season Sideline,1,513.8,Paid
SALE00694,MEM0375,2025-12-22,2026,Full Season Sideline,1,500,Paid
SALE00695,MEM0376,2025-02-05,2025,Full Season Sideline,2,957.6,Partial
SALE00696,MEM0377,2024-11-15,2025,Suite Membership,4,9816.04,Paid
SALE00697,MEM0377,2025-11-13,2026,Suite Membership,4,10441.0,Paid
SALE00698,MEM0378,2025-02-10,2025,Premium Deck Season,1,943.0,Paid
SALE00699,MEM0378,2026-02-19,2026,Premium Deck Season,1,975,Paid
SALE00700,MEM0379,2024-11-16,2025,Full Season GA,1,206.8,Paid
SALE00701,MEM0380,2025-02-26,2025,Full Season GA,1,256.8,Paid
SALE00702,MEM0380,2026-03-01,2026,Full Season GA,1,245,Paid
SALE00703,MEM0381,2024-12-22,2025,Full Season Reserved,2,656.8,Paid
SALE00704,MEM0381,2026-01-12,2026,Full Season Reserved,2,745,Paid
SALE00705,MEM0382,2025-03-26,2025,Full Season Sideline,1,538.8,Paid
SALE00706,MEM0382,2025-11-13,2026,Full Season Sideline,1,570,Paid
SALE00707,MEM0383,2025-02-16,2025,Suite Membership,2,5244.0,Paid
SALE00708,MEM0383,2025-12-09,2026,Suite Membership,2,5650,Paid
SALE00709,MEM0384,2025-03-11,2025,Premium Deck Season,12,9965.88,Paid
SALE00710,MEM0385,2025-03-06,2025,Full Season Reserved,6,2080.4,Paid
SALE00711,MEM0385,2026-03-01,2026,Full Season Reserved,6,2185,Paid
SALE00712,MEM0386,2025-03-19,2025,Full Season GA,4,877.2,Paid
SALE00713,MEM0386,2025-12-10,2026,Full Season GA,4,880,Partial
SALE00714,MEM0387,2025-02-25,2025,Suite Membership,10,24477.6,Paid
SALE00715,MEM0387,2026-03-16,2026,Suite Membership,10,26065.0,Paid
SALE00716,MEM0388,2025-02-19,2025,Full Season Reserved,2,676.8,Paid
SALE00717,MEM0388,2026-01-04,2026,Full Season Reserved,2,770,Paid
SALE00718,MEM0389,2024-12-30,2025,Full Season Sideline,6,2707.5,Paid
SALE00719,MEM0389,2025-11-10,2026,Full Season Sideline,6,2951.6,Paid
SALE00720,MEM0390,2024-11-17,2025,Full Season GA,1,206.8,Paid
SALE00721,MEM0390,2026-01-25,2026,Full Season GA,1,270,Paid
SALE00722,MEM0391,2024-11-05,2025,Full Season Reserved,3,995.2,Partial
SALE00723,MEM0391,2025-12-26,2026,Full Season Reserved,3,1105,Pending
SALE00724,MEM0392,2024-12-09,2025,Suite Membership,4,10508.0,Paid
SALE00725,MEM0392,2026-01-23,2026,Suite Membership,4,11225,Paid
SALE00726,MEM0393,2025-03-14,2025,Full Season GA,6,1220.8,Paid
SALE00727,MEM0394,2025-03-18,2025,Full Season Sideline,6,2727.5,Paid
SALE00728,MEM0394,2025-12-17,2026,Full Season Sideline,6,2901.6,Partial
SALE00729,MEM0395,2025-02-12,2025,Premium Deck Season,1,893.0,Paid
SALE00730,MEM0395,2025-12-01,2026,Premium Deck Season,1,950,Partial
SALE00731,MEM0396,2025-02-16,2025,Premium Deck Season,2,1786.0,Paid
SALE00732,MEM0396,2026-01-11,2026,Premium Deck Season,2,1900,Paid
SALE00733,MEM0397,2024-12-26,2025,Full Season GA,2,393.6,Paid
SALE00734,MEM0397,2026-03-26,2026,Full Season GA,2,465,Partial
SALE00735,MEM0398,2025-03-01,2025,Full Season Sideline,1,538.8,Paid
SALE00736,MEM0398,2025-12-28,2026,Full Season Sideline,1,500,Paid
SALE00737,MEM0399,2024-11-17,2025,Suite Membership,12,29373.12,Partial
SALE00738,MEM0399,2025-11-20,2026,Suite Membership,12,31248.0,Paid
SALE00739,MEM0400,2024-11-06,2025,Full Season Reserved,1,318.4,Paid
SALE00740,MEM0400,2026-02-21,2026,Full Season Reserved,1,410,Partial
SALE00741,MEM0401,2025-02-19,2025,Full Season Sideline,2,977.6,Paid
SALE00742,MEM0401,2026-01-07,2026,Full Season Sideline,2,1020,Paid
SALE00743,MEM0402,2025-03-20,2025,Full Season GA,1,186.8,Paid
SALE00744,MEM0402,2025-12-28,2026,Full Season GA,1,270,Paid
SALE00745,MEM0403,2024-12-10,2025,Full Season Reserved,4,1378.6,Paid
SALE00746,MEM0403,2025-11-24,2026,Full Season Reserved,4,1420,Paid
SALE00747,MEM0404,2024-12-12,2025,Full Season Sideline,10,4570.84,Paid
SALE00748,MEM0404,2026-03-17,2026,Full Season Sideline,10,4886.0,Paid
SALE00749,MEM0405,2025-03-09,2025,Full Season GA,2,438.6,Paid
SALE00750,MEM0406,2024-11-13,2025,Full Season Reserved,4,1378.6,Partial
SALE00751,MEM0407,2025-03-14,2025,Full Season Sideline,2,957.6,Paid
SALE00752,MEM0407,2026-01-14,2026,Full Season Sideline,2,1040,Partial
SALE00753,MEM0408,2025-02-18,2025,Full Season Reserved,6,2055.4,Paid
SALE00754,MEM0408,2026-02-08,2026,Full Season Reserved,6,2140,Paid
SALE00755,MEM0409,2025-02-28,2025,Full Season Sideline,1,488.8,Paid
SALE00756,MEM0409,2026-01-11,2026,Full Season Sideline,1,520,Paid
SALE00757,MEM0410,2025-02-13,2025,Full Season Sideline,8,3661.67,Partial
SALE00758,MEM0411,2024-11-08,2025,Full Season Reserved,5,1692.0,Paid
SALE00759,MEM0411,2026-01-28,2026,Full Season Reserved,5,1850,Paid
SALE00760,MEM0412,2024-11-03,2025,Suite Membership,2,5264.0,Paid
SALE00761,MEM0412,2026-03-03,2026,Suite Membership,2,5625,Paid
SALE00762,MEM0413,2025-01-22,2025,Full Season GA,6,1265.8,Paid
SALE00763,MEM0413,2026-01-12,2026,Full Season GA,6,1300,Pending
SALE00764,MEM0414,2024-11-16,2025,Full Season Reserved,4,1353.6,Paid
SALE00765,MEM0414,2025-11-17,2026,Full Season Reserved,4,1490,Paid
SALE00766,MEM0415,2024-11-24,2025,Premium Deck Season,2,1811.0,Paid
SALE00767,MEM0415,2026-03-23,2026,Premium Deck Season,2,1950,Paid
SALE00768,MEM0416,2024-12-09,2025,Full Season Reserved,1,338.4,Paid
SALE00769,MEM0416,2026-02-28,2026,Full Season Reserved,1,385,Paid
SALE00770,MEM0417,2024-11-26,2025,Full Season Reserved,2,726.8,Paid
SALE00771,MEM0417,2026-01-28,2026,Full Season Reserved,2,770,Paid
SALE00772,MEM0418,2024-12-17,2025,Premium Deck Season,8,6643.92,Partial
SALE00773,MEM0419,2024-11-10,2025,Premium Deck Season,4,3552.0,Paid
SALE00774,MEM0419,2026-02-12,2026,Premium Deck Season,4,3800,Paid
SALE00775,MEM0420,2024-12-05,2025,Premium Deck Season,2,1786.0,Paid
SALE00776,MEM0420,2026-03-05,2026,Premium Deck Season,2,1925,Paid
SALE00777,MEM0421,2025-01-23,2025,Suite Membership,4,10578.0,Paid
SALE00778,MEM0421,2025-12-13,2026,Suite Membership,4,11225,Paid
SALE00779,MEM0422,2024-12-31,2025,Full Season Reserved,2,726.8,Paid
SALE00780,MEM0422,2026-02-03,2026,Full Season Reserved,2,720,Partial
SALE00781,MEM0423,2025-01-11,2025,Full Season GA,2,413.6,Paid
SALE00782,MEM0423,2025-12-17,2026,Full Season GA,2,420,Paid
SALE00783,MEM0424,2024-11-02,2025,Premium Deck Season,4,3301.96,Paid
SALE00784,MEM0424,2026-01-26,2026,Premium Deck Season,4,3559.0,Paid
SALE00785,MEM0425,2025-01-10,2025,Full Season GA,1,186.8,Paid
SALE00786,MEM0425,2026-02-03,2026,Full Season GA,1,200,Paid
SALE00787,MEM0426,2025-03-20,2025,Full Season GA,2,413.6,Paid
SALE00788,MEM0426,2026-01-03,2026,Full Season GA,2,440,Partial
SALE00789,MEM0427,2024-12-23,2025,Premium Deck Season,12,9990.88,Partial
SALE00790,MEM0427,2026-03-10,2026,Premium Deck Season,12,10602.0,Paid
SALE00791,MEM0428,2025-01-02,2025,Full Season Sideline,4,1935.2,Paid
SALE00792,MEM0428,2025-12-13,2026,Full Season Sideline,4,2080,Paid
SALE00793,MEM0429,2024-12-27,2025,Full Season Reserved,2,676.8,Paid
SALE00794,MEM0429,2025-12-31,2026,Full Season Reserved,2,720,Partial
SALE00795,MEM0430,2024-11-25,2025,Full Season GA,2,413.6,Paid
SALE00796,MEM0430,2026-03-04,2026,Full Season GA,2,490,Paid
SALE00797,MEM0431,2025-01-23,2025,Full Season GA,4,852.2,Partial
SALE00798,MEM0431,2025-11-02,2026,Full Season GA,4,905,Paid
SALE00799,MEM0432,2024-12-28,2025,Full Season Reserved,2,676.8,Paid
SALE00800,MEM0432,2026-02-16,2026,Full Season Reserved,2,720,Paid
SALE00801,MEM0433,2025-01-23,2025,Full Season GA,3,620.4,Paid
SALE00802,MEM0433,2025-11-12,2026,Full Season GA,3,660,Paid
SALE00803,MEM0434,2024-12-14,2025,Full Season GA,1,256.8,Paid
SALE00804,MEM0434,2025-11-11,2026,Full Season GA,1,245,Partial
SALE00805,MEM0435,2025-03-19,2025,Full Season Reserved,2,676.8,Paid
SALE00806,MEM0436,2024-12-18,2025,Full Season Sideline,3,1466.4,Paid
SALE00807,MEM0436,2026-03-14,2026,Full Season Sideline,3,1585,Partial
SALE00808,MEM0437,2024-12-19,2025,Full Season Sideline,2,1002.6,Paid
SALE00809,MEM0437,2026-02-18,2026,Full Season Sideline,2,1040,Paid
SALE00810,MEM0438,2025-02-01,2025,Suite Membership,4,9841.04,Paid
SALE00811,MEM0438,2025-12-26,2026,Suite Membership,4,10441.0,Partial
SALE00812,MEM0439,2024-11-16,2025,Premium Deck Season,1,893.0,Paid
SALE00813,MEM0440,2024-12-05,2025,Full Season Reserved,4,1353.6,Paid
SALE00814,MEM0440,2025-12-22,2026,Full Season Reserved,4,1420,Paid
SALE00815,MEM0441,2025-02-26,2025,Full Season Sideline,4,1955.2,Partial
SALE00816,MEM0441,2025-11-17,2026,Full Season Sideline,4,2060,Paid
SALE00817,MEM0442,2024-12-05,2025,Full Season GA,4,852.2,Paid
SALE00818,MEM0442,2025-12-26,2026,Full Season GA,4,880,Paid
SALE00819,MEM0443,2025-01-13,2025,Premium Deck Season,1,918.0,Paid
SALE00820,MEM0443,2026-01-26,2026,Premium Deck Season,1,975,Paid
SALE00821,MEM0444,2025-03-20,2025,Suite Membership,4,9841.04,Paid
SALE00822,MEM0444,2026-02-16,2026,Suite Membership,4,10416.0,Paid
SALE00823,MEM0445,2024-11-23,2025,Full Season Sideline,3,1466.4,Paid
SALE00824,MEM0445,2026-03-18,2026,Full Season Sideline,3,1585,Partial
SALE00825,MEM0446,2024-11-08,2025,Full Season GA,1,206.8,Paid
SALE00826,MEM0446,2025-12-18,2026,Full Season GA,1,270,Paid
SALE00827,MEM0447,2025-03-21,2025,Full Season GA,2,393.6,Partial
SALE00828,MEM0447,2025-12-09,2026,Full Season GA,2,440,Paid
SALE00829,MEM0448,2025-02-08,2025,Premium Deck Season,12,9965.88,Partial
SALE00830,MEM0448,2026-02-02,2026,Premium Deck Season,12,10602.0,Paid
SALE00831,MEM0449,2025-03-05,2025,Full Season GA,4,852.2,Paid
SALE00832,MEM0450,2025-01-13,2025,Full Season Sideline,6,2727.5,Paid
SALE00833,MEM0450,2026-01-23,2026,Full Season Sideline,6,2926.6,Paid
SALE00834,MEM0451,2024-12-14,2025,Full Season GA,4,827.2,Paid
SALE00835,MEM0452,2024-12-23,2025,Full Season GA,1,206.8,Paid
SALE00836,MEM0453,2025-01-05,2025,Full Season GA,1,206.8,Paid
SALE00837,MEM0453,2025-12-04,2026,Full Season GA,1,270,Paid
SALE00838,MEM0454,2025-02-07,2025,Full Season Sideline,4,1935.2,Paid
SALE00839,MEM0454,2025-11-15,2026,Full Season Sideline,4,2105,Paid
SALE00840,MEM0455,2025-02-05,2025,Full Season Reserved,4,1333.6,Paid
SALE00841,MEM0455,2026-02-19,2026,Full Season Reserved,4,1490,Partial
SALE00842,MEM0456,2024-12-22,2025,Full Season Reserved,1,388.4,Paid
SALE00843,MEM0456,2026-01-27,2026,Full Season Reserved,1,340,Paid
SALE00844,MEM0457,2025-02-07,2025,Full Season GA,1,256.8,Paid
SALE00845,MEM0457,2026-03-13,2026,Full Season GA,1,220,Pending
SALE00846,MEM0458,2024-11-19,2025,Premium Deck Season,4,3597.0,Paid
SALE00847,MEM0458,2026-03-13,2026,Premium Deck Season,4,3825,Paid
SALE00848,MEM0459,2024-12-18,2025,Full Season Sideline,2,1002.6,Paid
SALE00849,MEM0459,2026-03-07,2026,Full Season Sideline,2,1020,Paid
SALE00850,MEM0460,2025-01-02,2025,Full Season Reserved,5,1717.0,Paid
SALE00851,MEM0460,2025-11-04,2026,Full Season Reserved,5,1800,Paid
SALE00852,MEM0461,2025-01-25,2025,Full Season Sideline,2,1002.6,Paid
SALE00853,MEM0461,2026-01-20,2026,Full Season Sideline,2,1020,Partial
SALE00854,MEM0462,2025-02-07,2025,Full Season Reserved,2,726.8,Paid
SALE00855,MEM0462,2025-11-19,2026,Full Season Reserved,2,720,Partial
SALE00856,MEM0463,2024-12-14,2025,Full Season GA,1,256.8,Paid
SALE00857,MEM0463,2025-11-01,2026,Full Season GA,1,270,Paid
SALE00858,MEM0464,2025-03-13,2025,Premium Deck Season,2,1811.0,Partial
SALE00859,MEM0464,2026-03-15,2026,Premium Deck Season,2,1880,Paid
SALE00860,MEM0465,2024-11-01,2025,Full Season GA,2,438.6,Paid
SALE00861,MEM0465,2026-01-12,2026,Full Season GA,2,490,Pending
SALE00862,MEM0466,2024-12-23,2025,Premium Deck Season,1,918.0,Paid
SALE00863,MEM0466,2026-02-14,2026,Premium Deck Season,1,1000,Paid
SALE00864,MEM0467,2025-01-25,2025,Full Season Reserved,2,726.8,Paid
SALE00865,MEM0467,2026-01-13,2026,Full Season Reserved,2,720,Paid
SALE00866,MEM0468,2025-01-09,2025,Full Season GA,1,206.8,Paid
SALE00867,MEM0469,2025-03-05,2025,Full Season Sideline,8,3636.67,Paid
SALE00868,MEM0469,2025-12-21,2026,Full Season Sideline,8,3868.8,Paid
SALE00869,MEM0470,2025-03-07,2025,Full Season GA,1,231.8,Paid
SALE00870,MEM0470,2025-12-25,2026,Full Season GA,1,270,Partial
SALE00871,MEM0471,2024-12-28,2025,Full Season Reserved,4,1333.6,Paid
SALE00872,MEM0471,2025-11-20,2026,Full Season Reserved,4,1490,Paid
SALE00873,MEM0472,2025-01-17,2025,Full Season Reserved,1,338.4,Paid
SALE00874,MEM0472,2026-01-16,2026,Full Season Reserved,1,360,Paid
SALE00875,MEM0473,2025-03-01,2025,Full Season Sideline,1,538.8,Paid
SALE00876,MEM0474,2025-01-24,2025,Full Season GA,1,231.8,Partial
SALE00877,MEM0474,2026-01-06,2026,Full Season GA,1,220,Paid
SALE00878,MEM0475,2024-12-02,2025,Premium Deck Season,1,943.0,Paid
SALE00879,MEM0475,2025-11-17,2026,Premium Deck Season,1,1000,Pending
SALE00880,MEM0476,2025-03-01,2025,Full Season Sideline,5,2444.0,Paid
SALE00881,MEM0476,2025-11-24,2026,Full Season Sideline,5,2600,Paid
SALE00882,MEM0477,2024-12-11,2025,Full Season GA,1,231.8,Paid
SALE00883,MEM0477,2026-02-21,2026,Full Season GA,1,220,Partial
SALE00884,MEM0478,2024-12-26,2025,Full Season Reserved,1,318.4,Paid
SALE00885,MEM0478,2025-12-25,2026,Full Season Reserved,1,340,Paid
SALE00886,MEM0479,2025-03-06,2025,Full Season Sideline,1,538.8,Paid
SALE00887,MEM0479,2025-11-05,2026,Full Season Sideline,1,520,Paid
SALE00888,MEM0480,2025-01-02,2025,Full Season Sideline,2,977.6,Paid
SALE00889,MEM0480,2026-01-20,2026,Full Season Sideline,2,1090,Paid
SALE00890,MEM0481,2024-11-24,2025,Full Season Sideline,1,468.8,Paid
SALE00891,MEM0481,2025-12-13,2026,Full Season Sideline,1,500,Paid
SALE00892,MEM0482,2024-11-07,2025,Full Season GA,1,206.8,Paid
SALE00893,MEM0482,2026-01-28,2026,Full Season GA,1,220,Paid
SALE00894,MEM0483,2024-12-13,2025,Full Season GA,1,231.8,Paid
SALE00895,MEM0483,2026-03-26,2026,Full Season GA,1,200,Paid
SALE00896,MEM0484,2025-01-28,2025,Full Season Reserved,2,676.8,Paid
SALE00897,MEM0484,2025-11-11,2026,Full Season Reserved,2,700,Pending
SALE00898,MEM0485,2024-11-18,2025,Full Season GA,1,231.8,Partial
SALE00899,MEM0485,2025-12-17,2026,Full Season GA,1,220,Paid
SALE00900,MEM0486,2025-02-10,2025,Full Season GA,2,413.6,Paid
SALE00901,MEM0486,2026-03-20,2026,Full Season GA,2,420,Paid
SALE00902,MEM0487,2025-02-23,2025,Full Season Reserved,1,318.4,Paid
SALE00903,MEM0487,2026-03-25,2026,Full Season Reserved,1,410,Paid
SALE00904,MEM0488,2024-11-24,2025,Full Season GA,2,463.6,Partial
SALE00905,MEM0488,2025-11-20,2026,Full Season GA,2,440,Paid
SALE00906,MEM0489,2025-02-08,2025,Premium Deck Season,3,2659.0,Paid
SALE00907,MEM0489,2025-12-31,2026,Premium Deck Season,3,2875,Paid
SALE00908,MEM0490,2025-02-28,2025,Full Season GA,2,438.6,Paid
SALE00909,MEM0490,2026-03-06,2026,Full Season GA,2,440,Pending
SALE00910,MEM0491,2025-01-12,2025,Full Season Reserved,1,338.4,Paid
SALE00911,MEM0491,2026-03-22,2026,Full Season Reserved,1,340,Paid
SALE00912,MEM0492,2024-12-23,2025,Full Season Sideline,4,1955.2,Paid
SALE00913,MEM0492,2025-12-23,2026,Full Season Sideline,4,2080,Paid
SALE00914,MEM0493,2025-02-11,2025,Full Season Sideline,2,977.6,Paid
SALE00915,MEM0493,2026-01-23,2026,Full Season Sideline,2,1020,Paid
SALE00916,MEM0494,2025-01-09,2025,Full Season GA,1,231.8,Paid
SALE00917,MEM0494,2026-03-05,2026,Full Season GA,1,220,Partial
SALE00918,MEM0495,2025-02-01,2025,Full Season GA,1,186.8,Paid
SALE00919,MEM0495,2025-11-26,2026,Full Season GA,1,220,Partial
SALE00920,MEM0496,2024-12-03,2025,Suite Membership,6,14666.56,Paid
SALE00921,MEM0496,2026-02-22,2026,Suite Membership,6,15624.0,Paid
SALE00922,MEM0497,2024-12-09,2025,Premium Deck Season,1,893.0,Paid
SALE00923,MEM0497,2026-03-03,2026,Premium Deck Season,1,950,Partial
SALE00924,MEM0498,2024-12-22,2025,Full Season GA,1,206.8,Paid
SALE00925,MEM0499,2025-02-16,2025,Premium Deck Season,4,3597.0,Paid
SALE00926,MEM0499,2025-12-31,2026,Premium Deck Season,4,3850,Paid
SALE00927,MEM0500,2025-02-07,2025,Full Season Reserved,2,676.8,Paid
SALE00928,MEM0500,2026-03-13,2026,Full Season Reserved,2,720,Paid
