PurchaseID,MemberID,PurchaseDate,ItemCategory,ItemName,Quantity,TotalAmount
PUR00001,MEM0001,2026-05-11,Jersey,Retro Jersey,1,110
PUR00002,MEM0001,2026-08-29,Jersey,Away Jersey,2,190
PUR00003,MEM0002,2026-07-18,Novelty,Mini Ball,1,18
PUR00004,MEM0002,2026-09-13,Shirt,Theme Night Tee,1,28
PUR00005,MEM0002,2026-11-07,Hat,Snapback Hat,1,30
PUR00006,MEM0003,2026-03-31,Scarf,FCLV Scarf,2,56
PUR00007,MEM0003,2026-04-12,Jersey,Away Jersey,1,95
PUR00008,MEM0003,2026-09-14,Novelty,Mini Ball,1,18
PUR00009,MEM0004,2026-09-26,Hat,Dad Hat,1,26
PUR00010,MEM0006,2026-09-13,Scarf,FCLV Scarf,1,28
PUR00011,MEM0006,2026-08-02,Jersey,Away Jersey,2,190
PUR00012,MEM0007,2026-08-15,Novelty,Keychain,1,8
PUR00013,MEM0007,2026-08-29,Jersey,Away Jersey,1,95
PUR00014,MEM0008,2026-10-25,Scarf,Supporters Scarf,1,32
PUR00015,MEM0008,2026-05-24,Novelty,Keychain,1,8
PUR00016,MEM0008,2026-09-26,Shirt,Theme Night Tee,1,28
PUR00017,MEM0008,2026-11-07,Jersey,Retro Jersey,1,110
PUR00018,MEM0009,2026-03-30,Jersey,Home Jersey,2,190
PUR00019,MEM0009,2026-09-26,Jersey,Away Jersey,1,95
PUR00020,MEM0009,2026-08-15,Jersey,Away Jersey,1,95
PUR00021,MEM0009,2026-06-21,Novelty,Mini Ball,1,18
PUR00022,MEM0010,2026-08-29,Jersey,Home Jersey,2,190
PUR00023,MEM0010,2026-07-05,Hat,Snapback Hat,2,60
PUR00024,MEM0010,2026-11-21,Hat,Dad Hat,1,26
PUR00025,MEM0011,2026-11-21,Hat,Snapback Hat,1,30
PUR00026,MEM0012,2026-09-13,Jersey,Away Jersey,1,95
PUR00027,MEM0014,2026-05-23,Jersey,Away Jersey,1,95
PUR00028,MEM0015,2026-05-10,Jersey,Away Jersey,1,95
PUR00029,MEM0015,2026-08-15,Jersey,Retro Jersey,1,110
PUR00030,MEM0016,2026-11-07,Scarf,FCLV Scarf,1,28
PUR00031,MEM0016,2026-04-11,Shirt,Matchday Tee,1,24
PUR00032,MEM0017,2026-03-29,Shirt,Matchday Tee,1,24
PUR00033,MEM0018,2026-03-29,Jersey,Retro Jersey,1,110
PUR00034,MEM0019,2026-07-18,Jersey,Away Jersey,1,95
PUR00035,MEM0019,2026-07-06,Shirt,Matchday Tee,1,24
PUR00036,MEM0020,2026-10-26,Novelty,Keychain,3,24
PUR00037,MEM0020,2026-09-13,Hat,Dad Hat,1,26
PUR00038,MEM0021,2026-04-27,Scarf,FCLV Scarf,1,28
PUR00039,MEM0021,2026-09-27,Hat,Snapback Hat,1,30
PUR00040,MEM0023,2026-11-21,Hat,Dad Hat,2,52
PUR00041,MEM0023,2026-08-29,Hat,Dad Hat,1,26
PUR00042,MEM0023,2026-06-06,Hat,Dad Hat,1,26
PUR00043,MEM0024,2026-06-21,Jersey,Home Jersey,1,95
PUR00044,MEM0024,2026-08-02,Hat,Dad Hat,1,26
PUR00045,MEM0024,2026-05-11,Jersey,Retro Jersey,2,220
PUR00046,MEM0025,2026-10-10,Novelty,Mini Ball,1,18
PUR00047,MEM0025,2026-07-04,Jersey,Retro Jersey,2,220
PUR00048,MEM0025,2026-08-30,Jersey,Away Jersey,1,95
PUR00049,MEM0026,2026-09-14,Hat,Dad Hat,1,26
PUR00050,MEM0027,2026-04-11,Jersey,Retro Jersey,1,110
PUR00051,MEM0027,2026-10-27,Jersey,Retro Jersey,1,110
PUR00052,MEM0028,2026-04-27,Jersey,Retro Jersey,1,110
PUR00053,MEM0028,2026-08-02,Shirt,Matchday Tee,1,24
PUR00054,MEM0029,2026-04-13,Jersey,Retro Jersey,2,220
PUR00055,MEM0029,2026-04-25,Scarf,Supporters Scarf,1,32
PUR00056,MEM0029,2026-06-22,Hat,Snapback Hat,1,30
PUR00057,MEM0030,2026-11-07,Scarf,FCLV Scarf,1,28
PUR00058,MEM0030,2026-09-13,Jersey,Home Jersey,1,95
PUR00059,MEM0031,2026-07-05,Hat,Snapback Hat,1,30
PUR00060,MEM0031,2026-11-21,Hat,Snapback Hat,2,60
PUR00061,MEM0032,2026-04-25,Hat,Snapback Hat,1,30
PUR00062,MEM0033,2026-03-29,Shirt,Theme Night Tee,2,56
PUR00063,MEM0033,2026-10-25,Hat,Dad Hat,1,26
PUR00064,MEM0033,2026-03-29,Scarf,Supporters Scarf,1,32
PUR00065,MEM0033,2026-09-27,Shirt,Matchday Tee,1,24
PUR00066,MEM0034,2026-04-13,Hat,Dad Hat,1,26
PUR00067,MEM0034,2026-11-07,Shirt,Matchday Tee,4,96
PUR00068,MEM0034,2026-07-06,Jersey,Retro Jersey,1,110
PUR00069,MEM0035,2026-06-06,Shirt,Matchday Tee,2,48
PUR00070,MEM0035,2026-04-25,Shirt,Theme Night Tee,1,28
PUR00071,MEM0036,2026-03-29,Shirt,Theme Night Tee,4,112
PUR00072,MEM0037,2026-08-03,Shirt,Matchday Tee,1,24
PUR00073,MEM0037,2026-11-21,Jersey,Home Jersey,1,95
PUR00074,MEM0038,2026-10-25,Shirt,Theme Night Tee,1,28
PUR00075,MEM0038,2026-10-11,Shirt,Matchday Tee,2,48
PUR00076,MEM0039,2026-11-23,Jersey,Home Jersey,2,190
PUR00077,MEM0039,2026-08-30,Shirt,Matchday Tee,2,48
PUR00078,MEM0040,2026-10-25,Scarf,FCLV Scarf,1,28
PUR00079,MEM0040,2026-08-29,Scarf,FCLV Scarf,1,28
PUR00080,MEM0040,2026-10-27,Scarf,Supporters Scarf,2,64
PUR00081,MEM0041,2026-08-02,Hat,Snapback Hat,2,60
PUR00082,MEM0042,2026-08-15,Jersey,Away Jersey,1,95
PUR00083,MEM0043,2026-11-23,Shirt,Matchday Tee,1,24
PUR00084,MEM0043,2026-03-29,Novelty,Keychain,1,8
PUR00085,MEM0044,2026-06-22,Hat,Snapback Hat,1,30
PUR00086,MEM0045,2026-03-31,Shirt,Theme Night Tee,2,56
PUR00087,MEM0045,2026-03-30,Scarf,FCLV Scarf,2,56
PUR00088,MEM0046,2026-10-25,Hat,Snapback Hat,1,30
PUR00089,MEM0046,2026-04-11,Hat,Snapback Hat,1,30
PUR00090,MEM0047,2026-03-30,Jersey,Home Jersey,1,95
PUR00091,MEM0047,2026-09-13,Hat,Snapback Hat,1,30
PUR00092,MEM0048,2026-09-13,Shirt,Matchday Tee,1,24
PUR00093,MEM0050,2026-08-02,Shirt,Matchday Tee,1,24
PUR00094,MEM0053,2026-08-29,Novelty,Keychain,1,8
PUR00095,MEM0054,2026-04-13,Scarf,Supporters Scarf,2,64
PUR00096,MEM0054,2026-11-09,Shirt,Matchday Tee,3,72
PUR00097,MEM0055,2026-05-10,Hat,Dad Hat,1,26
PUR00098,MEM0055,2026-07-05,Shirt,Theme Night Tee,1,28
PUR00099,MEM0056,2026-06-21,Hat,Dad Hat,1,26
PUR00100,MEM0057,2026-10-25,Scarf,FCLV Scarf,1,28
PUR00101,MEM0057,2026-05-23,Scarf,Supporters Scarf,2,64
PUR00102,MEM0057,2026-09-26,Jersey,Retro Jersey,1,110
PUR00103,MEM0058,2026-07-05,Novelty,Mini Ball,2,36
PUR00104,MEM0060,2026-09-27,Scarf,Supporters Scarf,1,32
PUR00105,MEM0060,2026-05-23,Jersey,Away Jersey,1,95
PUR00106,MEM0060,2026-07-18,Shirt,Theme Night Tee,1,28
PUR00107,MEM0061,2026-09-15,Novelty,Sticker Pack,1,6
PUR00108,MEM0062,2026-03-31,Shirt,Theme Night Tee,2,56
PUR00109,MEM0062,2026-04-25,Shirt,Theme Night Tee,1,28
PUR00110,MEM0063,2026-07-19,Hat,Dad Hat,1,26
PUR00111,MEM0063,2026-10-10,Jersey,Away Jersey,1,95
PUR00112,MEM0064,2026-11-22,Scarf,Supporters Scarf,1,32
PUR00113,MEM0064,2026-08-15,Jersey,Home Jersey,2,190
PUR00114,MEM0064,2026-07-19,Shirt,Matchday Tee,1,24
PUR00115,MEM0064,2026-11-21,Shirt,Matchday Tee,2,48
PUR00116,MEM0065,2026-10-26,Shirt,Matchday Tee,4,96
PUR00117,MEM0066,2026-09-14,Hat,Snapback Hat,1,30
PUR00118,MEM0066,2026-09-13,Shirt,Theme Night Tee,1,28
PUR00119,MEM0067,2026-09-13,Shirt,Theme Night Tee,1,28
PUR00120,MEM0067,2026-11-21,Shirt,Theme Night Tee,1,28
PUR00121,MEM0068,2026-03-31,Hat,Dad Hat,1,26
PUR00122,MEM0068,2026-07-20,Jersey,Away Jersey,1,95
PUR00123,MEM0068,2026-07-05,Scarf,FCLV Scarf,1,28
PUR00124,MEM0070,2026-11-09,Jersey,Home Jersey,1,95
PUR00125,MEM0070,2026-11-21,Jersey,Away Jersey,1,95
PUR00126,MEM0072,2026-06-21,Jersey,Home Jersey,1,95
PUR00127,MEM0072,2026-08-02,Jersey,Away Jersey,1,95
PUR00128,MEM0073,2026-09-28,Jersey,Home Jersey,2,190
PUR00129,MEM0074,2026-07-04,Novelty,Sticker Pack,2,12
PUR00130,MEM0075,2026-09-14,Jersey,Away Jersey,2,190
PUR00131,MEM0075,2026-08-29,Jersey,Retro Jersey,1,110
PUR00132,MEM0076,2026-06-07,Novelty,Keychain,1,8
PUR00133,MEM0076,2026-07-19,Scarf,FCLV Scarf,1,28
PUR00134,MEM0077,2026-09-27,Shirt,Matchday Tee,4,96
PUR00135,MEM0078,2026-08-02,Shirt,Matchday Tee,1,24
PUR00136,MEM0078,2026-07-18,Shirt,Matchday Tee,1,24
PUR00137,MEM0079,2026-11-07,Scarf,FCLV Scarf,2,56
PUR00138,MEM0079,2026-10-10,Shirt,Matchday Tee,1,24
PUR00139,MEM0080,2026-03-29,Jersey,Retro Jersey,1,110
PUR00140,MEM0081,2026-08-29,Novelty,Keychain,4,32
PUR00141,MEM0082,2026-10-10,Novelty,Sticker Pack,4,24
PUR00142,MEM0082,2026-07-04,Hat,Snapback Hat,1,30
PUR00143,MEM0082,2026-09-13,Jersey,Away Jersey,1,95
PUR00144,MEM0083,2026-03-29,Jersey,Away Jersey,1,95
PUR00145,MEM0083,2026-05-12,Hat,Snapback Hat,1,30
PUR00146,MEM0083,2026-11-22,Scarf,FCLV Scarf,2,56
PUR00147,MEM0084,2026-06-07,Shirt,Matchday Tee,1,24
PUR00148,MEM0084,2026-08-29,Jersey,Away Jersey,1,95
PUR00149,MEM0084,2026-05-25,Novelty,Sticker Pack,2,12
PUR00150,MEM0086,2026-04-27,Jersey,Retro Jersey,1,110
PUR00151,MEM0089,2026-11-07,Hat,Dad Hat,1,26
PUR00152,MEM0089,2026-08-02,Scarf,FCLV Scarf,2,56
PUR00153,MEM0089,2026-09-14,Shirt,Matchday Tee,1,24
PUR00154,MEM0090,2026-04-13,Scarf,Supporters Scarf,1,32
PUR00155,MEM0090,2026-04-12,Hat,Snapback Hat,1,30
PUR00156,MEM0090,2026-07-19,Scarf,FCLV Scarf,1,28
PUR00157,MEM0090,2026-08-02,Shirt,Matchday Tee,2,48
PUR00158,MEM0092,2026-07-04,Jersey,Retro Jersey,2,220
PUR00159,MEM0092,2026-05-10,Hat,Snapback Hat,1,30
PUR00160,MEM0092,2026-10-25,Jersey,Home Jersey,2,190
PUR00161,MEM0093,2026-09-14,Jersey,Away Jersey,1,95
PUR00162,MEM0093,2026-04-25,Hat,Dad Hat,2,52
PUR00163,MEM0094,2026-05-10,Shirt,Matchday Tee,1,24
PUR00164,MEM0095,2026-04-12,Jersey,Home Jersey,1,95
PUR00165,MEM0095,2026-09-13,Jersey,Retro Jersey,2,220
PUR00166,MEM0095,2026-03-29,Jersey,Home Jersey,2,190
PUR00167,MEM0095,2026-05-11,Jersey,Retro Jersey,1,110
PUR00168,MEM0096,2026-09-13,Jersey,Home Jersey,1,95
PUR00169,MEM0096,2026-07-05,Shirt,Matchday Tee,3,72
PUR00170,MEM0096,2026-07-18,Novelty,Sticker Pack,2,12
PUR00171,MEM0097,2026-05-11,Scarf,FCLV Scarf,1,28
PUR00172,MEM0097,2026-07-19,Jersey,Away Jersey,2,190
PUR00173,MEM0099,2026-04-25,Shirt,Theme Night Tee,4,112
PUR00174,MEM0099,2026-08-04,Shirt,Matchday Tee,4,96
PUR00175,MEM0100,2026-06-21,Shirt,Matchday Tee,1,24
PUR00176,MEM0100,2026-03-30,Jersey,Retro Jersey,1,110
PUR00177,MEM0100,2026-05-24,Shirt,Matchday Tee,1,24
PUR00178,MEM0101,2026-09-26,Hat,Dad Hat,1,26
PUR00179,MEM0102,2026-11-07,Jersey,Home Jersey,1,95
PUR00180,MEM0102,2026-07-04,Jersey,Home Jersey,2,190
PUR00181,MEM0103,2026-11-23,Novelty,Sticker Pack,1,6
PUR00182,MEM0104,2026-09-13,Jersey,Home Jersey,1,95
PUR00183,MEM0104,2026-04-25,Shirt,Theme Night Tee,2,56
PUR00184,MEM0104,2026-11-07,Jersey,Home Jersey,2,190
PUR00185,MEM0105,2026-08-29,Scarf,Supporters Scarf,1,32
PUR00186,MEM0105,2026-10-25,Jersey,Home Jersey,2,190
PUR00187,MEM0106,2026-09-26,Scarf,Supporters Scarf,1,32
PUR00188,MEM0106,2026-08-31,Jersey,Away Jersey,1,95
PUR00189,MEM0107,2026-10-11,Scarf,Supporters Scarf,2,64
PUR00190,MEM0107,2026-07-06,Hat,Dad Hat,2,52
PUR00191,MEM0107,2026-04-11,Scarf,Supporters Scarf,2,64
PUR00192,MEM0108,2026-08-29,Jersey,Retro Jersey,1,110
PUR00193,MEM0109,2026-05-23,Hat,Dad Hat,1,26
PUR00194,MEM0109,2026-10-25,Jersey,Away Jersey,2,190
PUR00195,MEM0110,2026-07-06,Novelty,Keychain,1,8
PUR00196,MEM0110,2026-05-25,Shirt,Matchday Tee,2,48
PUR00197,MEM0111,2026-09-13,Jersey,Retro Jersey,2,220
PUR00198,MEM0112,2026-07-18,Novelty,Sticker Pack,1,6
PUR00199,MEM0112,2026-09-26,Jersey,Retro Jersey,1,110
PUR00200,MEM0114,2026-09-13,Jersey,Away Jersey,2,190
PUR00201,MEM0114,2026-08-02,Jersey,Retro Jersey,2,220
PUR00202,MEM0115,2026-03-31,Hat,Dad Hat,2,52
PUR00203,MEM0115,2026-05-11,Shirt,Matchday Tee,1,24
PUR00204,MEM0115,2026-08-29,Hat,Snapback Hat,1,30
PUR00205,MEM0116,2026-11-22,Novelty,Keychain,2,16
PUR00206,MEM0116,2026-07-18,Scarf,Supporters Scarf,1,32
PUR00207,MEM0116,2026-07-18,Jersey,Home Jersey,2,190
PUR00208,MEM0116,2026-06-06,Novelty,Keychain,3,24
PUR00209,MEM0117,2026-08-29,Hat,Snapback Hat,2,60
PUR00210,MEM0117,2026-05-25,Scarf,FCLV Scarf,1,28
PUR00211,MEM0117,2026-03-29,Jersey,Away Jersey,2,190
PUR00212,MEM0118,2026-08-04,Novelty,Keychain,3,24
PUR00213,MEM0118,2026-07-06,Scarf,Supporters Scarf,1,32
PUR00214,MEM0119,2026-05-23,Scarf,Supporters Scarf,1,32
PUR00215,MEM0119,2026-09-13,Scarf,Supporters Scarf,1,32
PUR00216,MEM0119,2026-08-02,Hat,Dad Hat,1,26
PUR00217,MEM0120,2026-05-10,Hat,Snapback Hat,1,30
PUR00218,MEM0121,2026-08-17,Jersey,Retro Jersey,1,110
PUR00219,MEM0121,2026-05-10,Jersey,Retro Jersey,1,110
PUR00220,MEM0122,2026-03-31,Scarf,Supporters Scarf,1,32
PUR00221,MEM0123,2026-11-23,Hat,Snapback Hat,1,30
PUR00222,MEM0123,2026-09-13,Shirt,Matchday Tee,1,24
PUR00223,MEM0123,2026-11-21,Shirt,Theme Night Tee,1,28
PUR00224,MEM0124,2026-11-07,Hat,Dad Hat,1,26
PUR00225,MEM0124,2026-08-16,Novelty,Mini Ball,2,36
PUR00226,MEM0125,2026-03-29,Hat,Snapback Hat,1,30
PUR00227,MEM0126,2026-05-23,Hat,Dad Hat,1,26
PUR00228,MEM0126,2026-10-10,Novelty,Mini Ball,1,18
PUR00229,MEM0127,2026-09-14,Jersey,Retro Jersey,2,220
PUR00230,MEM0127,2026-04-25,Jersey,Away Jersey,1,95
PUR00231,MEM0127,2026-03-29,Shirt,Matchday Tee,3,72
PUR00232,MEM0128,2026-06-21,Shirt,Matchday Tee,2,48
PUR00233,MEM0128,2026-06-07,Hat,Snapback Hat,1,30
PUR00234,MEM0129,2026-04-13,Hat,Dad Hat,1,26
PUR00235,MEM0130,2026-07-19,Scarf,FCLV Scarf,1,28
PUR00236,MEM0130,2026-04-27,Hat,Snapback Hat,2,60
PUR00237,MEM0130,2026-08-29,Jersey,Away Jersey,2,190
PUR00238,MEM0131,2026-09-27,Shirt,Theme Night Tee,1,28
PUR00239,MEM0131,2026-06-07,Hat,Snapback Hat,1,30
PUR00240,MEM0132,2026-04-27,Jersey,Retro Jersey,1,110
PUR00241,MEM0133,2026-07-20,Jersey,Retro Jersey,2,220
PUR00242,MEM0133,2026-09-26,Jersey,Home Jersey,1,95
PUR00243,MEM0134,2026-04-13,Shirt,Matchday Tee,1,24
PUR00244,MEM0134,2026-10-10,Hat,Snapback Hat,1,30
PUR00245,MEM0135,2026-05-23,Scarf,Supporters Scarf,1,32
PUR00246,MEM0135,2026-11-07,Scarf,Supporters Scarf,2,64
PUR00247,MEM0135,2026-03-29,Shirt,Theme Night Tee,4,112
PUR00248,MEM0136,2026-08-03,Jersey,Home Jersey,1,95
PUR00249,MEM0136,2026-08-29,Hat,Snapback Hat,1,30
PUR00250,MEM0137,2026-10-26,Shirt,Matchday Tee,1,24
PUR00251,MEM0137,2026-10-25,Shirt,Theme Night Tee,2,56
PUR00252,MEM0138,2026-04-11,Scarf,FCLV Scarf,1,28
PUR00253,MEM0138,2026-10-10,Shirt,Theme Night Tee,3,84
PUR00254,MEM0138,2026-07-18,Hat,Snapback Hat,1,30
PUR00255,MEM0139,2026-09-28,Scarf,FCLV Scarf,1,28
PUR00256,MEM0139,2026-09-13,Shirt,Matchday Tee,2,48
PUR00257,MEM0141,2026-11-07,Novelty,Sticker Pack,2,12
PUR00258,MEM0141,2026-05-10,Hat,Dad Hat,2,52
PUR00259,MEM0141,2026-08-15,Jersey,Home Jersey,1,95
PUR00260,MEM0142,2026-08-03,Scarf,Supporters Scarf,1,32
PUR00261,MEM0143,2026-04-12,Scarf,FCLV Scarf,2,56
PUR00262,MEM0143,2026-04-27,Hat,Dad Hat,1,26
PUR00263,MEM0144,2026-07-18,Hat,Dad Hat,1,26
PUR00264,MEM0144,2026-06-21,Jersey,Retro Jersey,1,110
PUR00265,MEM0145,2026-11-07,Shirt,Matchday Tee,1,24
PUR00266,MEM0146,2026-11-23,Jersey,Home Jersey,1,95
PUR00267,MEM0148,2026-11-09,Hat,Dad Hat,2,52
PUR00268,MEM0148,2026-09-13,Hat,Dad Hat,1,26
PUR00269,MEM0150,2026-04-11,Jersey,Home Jersey,2,190
PUR00270,MEM0150,2026-05-24,Shirt,Matchday Tee,1,24
PUR00271,MEM0151,2026-08-31,Shirt,Theme Night Tee,1,28
PUR00272,MEM0152,2026-07-04,Hat,Dad Hat,1,26
PUR00273,MEM0153,2026-06-06,Scarf,Supporters Scarf,1,32
PUR00274,MEM0154,2026-08-02,Shirt,Matchday Tee,1,24
PUR00275,MEM0154,2026-05-11,Jersey,Away Jersey,1,95
PUR00276,MEM0155,2026-06-21,Jersey,Home Jersey,2,190
PUR00277,MEM0156,2026-04-12,Jersey,Retro Jersey,1,110
PUR00278,MEM0156,2026-09-13,Jersey,Retro Jersey,2,220
PUR00279,MEM0157,2026-07-04,Novelty,Sticker Pack,2,12
PUR00280,MEM0157,2026-06-08,Scarf,FCLV Scarf,2,56
PUR00281,MEM0157,2026-08-15,Shirt,Theme Night Tee,2,56
PUR00282,MEM0158,2026-05-23,Novelty,Mini Ball,2,36
PUR00283,MEM0159,2026-04-11,Hat,Snapback Hat,2,60
PUR00284,MEM0160,2026-07-04,Jersey,Away Jersey,1,95
PUR00285,MEM0160,2026-07-06,Shirt,Matchday Tee,1,24
PUR00286,MEM0160,2026-11-09,Jersey,Away Jersey,1,95
PUR00287,MEM0161,2026-07-04,Shirt,Theme Night Tee,1,28
PUR00288,MEM0161,2026-07-06,Scarf,Supporters Scarf,2,64
PUR00289,MEM0161,2026-11-21,Scarf,FCLV Scarf,1,28
PUR00290,MEM0162,2026-10-25,Jersey,Away Jersey,1,95
PUR00291,MEM0163,2026-03-31,Jersey,Retro Jersey,2,220
PUR00292,MEM0164,2026-09-27,Shirt,Matchday Tee,1,24
PUR00293,MEM0164,2026-09-13,Scarf,Supporters Scarf,1,32
PUR00294,MEM0164,2026-05-23,Hat,Dad Hat,2,52
PUR00295,MEM0165,2026-09-28,Jersey,Home Jersey,1,95
PUR00296,MEM0165,2026-09-13,Scarf,FCLV Scarf,1,28
PUR00297,MEM0165,2026-08-02,Scarf,FCLV Scarf,1,28
PUR00298,MEM0165,2026-05-10,Shirt,Matchday Tee,2,48
PUR00299,MEM0165,2026-11-22,Shirt,Matchday Tee,1,24
PUR00300,MEM0165,2026-03-29,Hat,Snapback Hat,1,30
PUR00301,MEM0166,2026-07-04,Jersey,Home Jersey,1,95
PUR00302,MEM0166,2026-03-29,Shirt,Matchday Tee,1,24
PUR00303,MEM0167,2026-10-27,Hat,Dad Hat,1,26
PUR00304,MEM0167,2026-07-04,Jersey,Home Jersey,1,95
PUR00305,MEM0167,2026-10-26,Hat,Dad Hat,1,26
PUR00306,MEM0168,2026-10-12,Scarf,FCLV Scarf,2,56
PUR00307,MEM0168,2026-07-18,Novelty,Mini Ball,2,36
PUR00308,MEM0169,2026-10-25,Jersey,Home Jersey,1,95
PUR00309,MEM0171,2026-06-23,Shirt,Theme Night Tee,3,84
PUR00310,MEM0172,2026-06-06,Jersey,Home Jersey,1,95
PUR00311,MEM0172,2026-11-07,Novelty,Mini Ball,1,18
PUR00312,MEM0172,2026-06-06,Jersey,Away Jersey,1,95
PUR00313,MEM0172,2026-05-24,Scarf,FCLV Scarf,2,56
PUR00314,MEM0174,2026-07-18,Jersey,Retro Jersey,1,110
PUR00315,MEM0174,2026-07-04,Scarf,FCLV Scarf,1,28
PUR00316,MEM0175,2026-08-29,Novelty,Keychain,1,8
PUR00317,MEM0175,2026-11-08,Shirt,Matchday Tee,1,24
PUR00318,MEM0175,2026-03-29,Hat,Dad Hat,1,26
PUR00319,MEM0176,2026-10-25,Scarf,FCLV Scarf,1,28
PUR00320,MEM0177,2026-08-04,Shirt,Matchday Tee,2,48
PUR00321,MEM0177,2026-08-03,Shirt,Theme Night Tee,2,56
PUR00322,MEM0178,2026-04-13,Scarf,Supporters Scarf,1,32
PUR00323,MEM0178,2026-05-24,Hat,Dad Hat,1,26
PUR00324,MEM0178,2026-08-15,Shirt,Matchday Tee,1,24
PUR00325,MEM0179,2026-08-30,Shirt,Matchday Tee,1,24
PUR00326,MEM0180,2026-04-11,Hat,Snapback Hat,1,30
PUR00327,MEM0180,2026-04-11,Hat,Dad Hat,2,52
PUR00328,MEM0181,2026-09-26,Novelty,Mini Ball,1,18
PUR00329,MEM0181,2026-05-24,Jersey,Retro Jersey,1,110
PUR00330,MEM0181,2026-08-02,Hat,Dad Hat,1,26
PUR00331,MEM0182,2026-06-21,Jersey,Retro Jersey,1,110
PUR00332,MEM0182,2026-09-28,Jersey,Home Jersey,1,95
PUR00333,MEM0183,2026-06-06,Novelty,Sticker Pack,1,6
PUR00334,MEM0184,2026-08-02,Jersey,Away Jersey,2,190
PUR00335,MEM0185,2026-04-11,Jersey,Retro Jersey,1,110
PUR00336,MEM0185,2026-08-04,Shirt,Matchday Tee,3,72
PUR00337,MEM0186,2026-03-29,Hat,Dad Hat,1,26
PUR00338,MEM0186,2026-04-12,Jersey,Home Jersey,1,95
PUR00339,MEM0187,2026-03-30,Novelty,Keychain,1,8
PUR00340,MEM0187,2026-05-23,Jersey,Away Jersey,1,95
PUR00341,MEM0187,2026-06-21,Jersey,Home Jersey,1,95
PUR00342,MEM0188,2026-09-14,Scarf,Supporters Scarf,1,32
PUR00343,MEM0188,2026-08-29,Jersey,Away Jersey,2,190
PUR00344,MEM0189,2026-10-11,Scarf,Supporters Scarf,1,32
PUR00345,MEM0189,2026-08-15,Jersey,Home Jersey,1,95
PUR00346,MEM0189,2026-08-15,Hat,Snapback Hat,1,30
PUR00347,MEM0189,2026-06-07,Jersey,Retro Jersey,2,220
PUR00348,MEM0190,2026-03-29,Jersey,Away Jersey,1,95
PUR00349,MEM0191,2026-04-25,Jersey,Home Jersey,2,190
PUR00350,MEM0191,2026-08-15,Jersey,Away Jersey,1,95
PUR00351,MEM0191,2026-06-06,Hat,Dad Hat,1,26
PUR00352,MEM0193,2026-04-27,Jersey,Retro Jersey,1,110
PUR00353,MEM0194,2026-10-10,Hat,Snapback Hat,1,30
PUR00354,MEM0194,2026-06-08,Novelty,Sticker Pack,4,24
PUR00355,MEM0195,2026-07-18,Jersey,Home Jersey,1,95
PUR00356,MEM0196,2026-09-14,Jersey,Retro Jersey,2,220
PUR00357,MEM0196,2026-08-15,Shirt,Matchday Tee,2,48
PUR00358,MEM0196,2026-10-10,Novelty,Mini Ball,4,72
PUR00359,MEM0198,2026-08-29,Jersey,Home Jersey,1,95
PUR00360,MEM0198,2026-05-10,Shirt,Matchday Tee,1,24
PUR00361,MEM0199,2026-03-29,Shirt,Theme Night Tee,1,28
PUR00362,MEM0200,2026-04-13,Jersey,Retro Jersey,2,220
PUR00363,MEM0200,2026-05-10,Novelty,Keychain,2,16
PUR00364,MEM0200,2026-03-29,Shirt,Matchday Tee,1,24
PUR00365,MEM0201,2026-03-31,Shirt,Matchday Tee,2,48
PUR00366,MEM0202,2026-10-26,Jersey,Away Jersey,2,190
PUR00367,MEM0203,2026-06-21,Shirt,Matchday Tee,4,96
PUR00368,MEM0203,2026-04-13,Scarf,FCLV Scarf,1,28
PUR00369,MEM0203,2026-09-26,Shirt,Matchday Tee,3,72
PUR00370,MEM0204,2026-04-11,Jersey,Home Jersey,2,190
PUR00371,MEM0204,2026-10-11,Jersey,Home Jersey,1,95
PUR00372,MEM0204,2026-08-04,Jersey,Home Jersey,1,95
PUR00373,MEM0204,2026-11-07,Shirt,Matchday Tee,3,72
PUR00374,MEM0205,2026-10-26,Novelty,Mini Ball,1,18
PUR00375,MEM0206,2026-05-10,Shirt,Theme Night Tee,4,112
PUR00376,MEM0208,2026-08-04,Jersey,Away Jersey,2,190
PUR00377,MEM0209,2026-07-04,Shirt,Matchday Tee,1,24
PUR00378,MEM0210,2026-10-12,Hat,Snapback Hat,1,30
PUR00379,MEM0211,2026-03-31,Jersey,Retro Jersey,1,110
PUR00380,MEM0211,2026-05-11,Jersey,Home Jersey,1,95
PUR00381,MEM0211,2026-10-10,Jersey,Retro Jersey,1,110
PUR00382,MEM0211,2026-09-14,Scarf,Supporters Scarf,1,32
PUR00383,MEM0212,2026-09-13,Jersey,Retro Jersey,1,110
PUR00384,MEM0212,2026-06-07,Scarf,FCLV Scarf,1,28
PUR00385,MEM0212,2026-05-10,Shirt,Theme Night Tee,3,84
PUR00386,MEM0212,2026-09-13,Scarf,FCLV Scarf,1,28
PUR00387,MEM0213,2026-09-15,Hat,Snapback Hat,1,30
PUR00388,MEM0214,2026-07-18,Jersey,Retro Jersey,2,220
PUR00389,MEM0214,2026-11-21,Jersey,Retro Jersey,1,110
PUR00390,MEM0215,2026-10-10,Jersey,Retro Jersey,1,110
PUR00391,MEM0215,2026-11-07,Scarf,FCLV Scarf,1,28
PUR00392,MEM0216,2026-07-18,Jersey,Retro Jersey,1,110
PUR00393,MEM0217,2026-08-03,Novelty,Keychain,2,16
PUR00394,MEM0217,2026-06-06,Shirt,Matchday Tee,2,48
PUR00395,MEM0217,2026-03-31,Shirt,Theme Night Tee,3,84
PUR00396,MEM0218,2026-08-02,Hat,Dad Hat,1,26
PUR00397,MEM0219,2026-08-02,Scarf,FCLV Scarf,1,28
PUR00398,MEM0219,2026-06-23,Jersey,Home Jersey,2,190
PUR00399,MEM0220,2026-08-04,Jersey,Home Jersey,1,95
PUR00400,MEM0220,2026-09-13,Hat,Snapback Hat,1,30
PUR00401,MEM0221,2026-10-12,Novelty,Mini Ball,2,36
PUR00402,MEM0222,2026-08-29,Scarf,FCLV Scarf,1,28
PUR00403,MEM0222,2026-07-18,Hat,Snapback Hat,1,30
PUR00404,MEM0222,2026-07-18,Jersey,Retro Jersey,1,110
PUR00405,MEM0223,2026-08-29,Hat,Dad Hat,1,26
PUR00406,MEM0223,2026-11-07,Scarf,Supporters Scarf,1,32
PUR00407,MEM0223,2026-04-11,Jersey,Home Jersey,1,95
PUR00408,MEM0223,2026-10-10,Scarf,Supporters Scarf,2,64
PUR00409,MEM0224,2026-07-05,Shirt,Theme Night Tee,4,112
PUR00410,MEM0225,2026-09-26,Jersey,Away Jersey,1,95
PUR00411,MEM0225,2026-09-26,Jersey,Away Jersey,2,190
PUR00412,MEM0225,2026-07-05,Hat,Snapback Hat,1,30
PUR00413,MEM0225,2026-10-12,Jersey,Away Jersey,1,95
PUR00414,MEM0226,2026-04-26,Jersey,Away Jersey,1,95
PUR00415,MEM0226,2026-08-02,Hat,Snapback Hat,2,60
PUR00416,MEM0226,2026-05-23,Shirt,Matchday Tee,1,24
PUR00417,MEM0226,2026-09-26,Scarf,FCLV Scarf,1,28
PUR00418,MEM0227,2026-08-03,Jersey,Home Jersey,1,95
PUR00419,MEM0228,2026-09-26,Shirt,Matchday Tee,3,72
PUR00420,MEM0228,2026-10-25,Jersey,Home Jersey,2,190
PUR00421,MEM0228,2026-07-18,Scarf,Supporters Scarf,1,32
PUR00422,MEM0228,2026-07-04,Hat,Dad Hat,1,26
PUR00423,MEM0230,2026-10-10,Jersey,Retro Jersey,1,110
PUR00424,MEM0232,2026-06-07,Shirt,Theme Night Tee,2,56
PUR00425,MEM0232,2026-05-25,Jersey,Home Jersey,1,95
PUR00426,MEM0233,2026-03-29,Hat,Dad Hat,1,26
PUR00427,MEM0234,2026-04-11,Jersey,Home Jersey,1,95
PUR00428,MEM0235,2026-11-22,Scarf,Supporters Scarf,1,32
PUR00429,MEM0235,2026-10-25,Scarf,Supporters Scarf,1,32
PUR00430,MEM0236,2026-05-11,Shirt,Matchday Tee,3,72
PUR00431,MEM0236,2026-06-22,Jersey,Retro Jersey,2,220
PUR00432,MEM0237,2026-04-27,Jersey,Retro Jersey,1,110
PUR00433,MEM0237,2026-09-27,Shirt,Matchday Tee,2,48
PUR00434,MEM0241,2026-09-14,Scarf,Supporters Scarf,1,32
PUR00435,MEM0242,2026-08-15,Hat,Snapback Hat,1,30
PUR00436,MEM0242,2026-06-21,Hat,Snapback Hat,1,30
PUR00437,MEM0242,2026-07-04,Shirt,Matchday Tee,2,48
PUR00438,MEM0242,2026-10-25,Scarf,FCLV Scarf,1,28
PUR00439,MEM0243,2026-10-10,Hat,Dad Hat,1,26
PUR00440,MEM0244,2026-05-10,Novelty,Sticker Pack,1,6
PUR00441,MEM0245,2026-08-29,Scarf,Supporters Scarf,1,32
PUR00442,MEM0245,2026-07-04,Novelty,Mini Ball,1,18
PUR00443,MEM0245,2026-04-11,Shirt,Matchday Tee,1,24
PUR00444,MEM0246,2026-10-11,Jersey,Retro Jersey,1,110
PUR00445,MEM0247,2026-06-06,Jersey,Retro Jersey,1,110
PUR00446,MEM0247,2026-08-15,Jersey,Away Jersey,1,95
PUR00447,MEM0247,2026-10-27,Scarf,FCLV Scarf,2,56
PUR00448,MEM0248,2026-08-04,Hat,Dad Hat,1,26
PUR00449,MEM0248,2026-09-13,Hat,Snapback Hat,1,30
PUR00450,MEM0250,2026-04-27,Hat,Snapback Hat,1,30
PUR00451,MEM0250,2026-07-18,Shirt,Theme Night Tee,2,56
PUR00452,MEM0250,2026-09-28,Hat,Dad Hat,1,26
PUR00453,MEM0250,2026-06-23,Hat,Snapback Hat,1,30
PUR00454,MEM0251,2026-05-10,Hat,Snapback Hat,1,30
PUR00455,MEM0251,2026-08-03,Shirt,Theme Night Tee,1,28
PUR00456,MEM0251,2026-11-21,Novelty,Mini Ball,2,36
PUR00457,MEM0252,2026-07-19,Shirt,Matchday Tee,4,96
PUR00458,MEM0253,2026-03-29,Jersey,Home Jersey,2,190
PUR00459,MEM0253,2026-05-10,Scarf,FCLV Scarf,1,28
PUR00460,MEM0254,2026-05-12,Hat,Snapback Hat,2,60
PUR00461,MEM0254,2026-07-05,Scarf,FCLV Scarf,1,28
PUR00462,MEM0254,2026-08-17,Jersey,Away Jersey,2,190
PUR00463,MEM0256,2026-04-25,Shirt,Matchday Tee,1,24
PUR00464,MEM0256,2026-03-31,Shirt,Matchday Tee,2,48
PUR00465,MEM0256,2026-08-29,Scarf,FCLV Scarf,1,28
PUR00466,MEM0257,2026-06-21,Jersey,Home Jersey,1,95
PUR00467,MEM0257,2026-08-29,Jersey,Retro Jersey,1,110
PUR00468,MEM0258,2026-08-04,Novelty,Sticker Pack,1,6
PUR00469,MEM0259,2026-06-21,Novelty,Sticker Pack,2,12
PUR00470,MEM0259,2026-10-10,Shirt,Matchday Tee,1,24
PUR00471,MEM0259,2026-08-29,Jersey,Retro Jersey,1,110
PUR00472,MEM0259,2026-11-09,Hat,Snapback Hat,1,30
PUR00473,MEM0260,2026-04-27,Hat,Dad Hat,1,26
PUR00474,MEM0262,2026-11-21,Hat,Snapback Hat,1,30
PUR00475,MEM0262,2026-06-22,Scarf,FCLV Scarf,1,28
PUR00476,MEM0262,2026-06-21,Jersey,Away Jersey,2,190
PUR00477,MEM0263,2026-10-10,Hat,Snapback Hat,1,30
PUR00478,MEM0264,2026-03-29,Scarf,FCLV Scarf,1,28
PUR00479,MEM0264,2026-07-05,Jersey,Home Jersey,1,95
PUR00480,MEM0265,2026-06-21,Shirt,Matchday Tee,1,24
PUR00481,MEM0265,2026-08-02,Hat,Snapback Hat,1,30
PUR00482,MEM0266,2026-05-10,Scarf,Supporters Scarf,1,32
PUR00483,MEM0266,2026-04-25,Hat,Dad Hat,1,26
PUR00484,MEM0266,2026-08-15,Hat,Snapback Hat,1,30
PUR00485,MEM0266,2026-09-26,Hat,Snapback Hat,2,60
PUR00486,MEM0267,2026-05-24,Jersey,Away Jersey,1,95
PUR00487,MEM0267,2026-09-28,Shirt,Matchday Tee,3,72
PUR00488,MEM0268,2026-09-27,Shirt,Matchday Tee,2,48
PUR00489,MEM0268,2026-08-30,Hat,Dad Hat,1,26
PUR00490,MEM0268,2026-07-06,Hat,Snapback Hat,1,30
PUR00491,MEM0268,2026-08-02,Shirt,Matchday Tee,4,96
PUR00492,MEM0269,2026-06-23,Scarf,FCLV Scarf,1,28
PUR00493,MEM0269,2026-08-29,Hat,Snapback Hat,1,30
PUR00494,MEM0270,2026-08-16,Hat,Dad Hat,1,26
PUR00495,MEM0270,2026-11-08,Scarf,FCLV Scarf,1,28
PUR00496,MEM0271,2026-11-07,Jersey,Away Jersey,2,190
PUR00497,MEM0271,2026-11-21,Scarf,Supporters Scarf,1,32
PUR00498,MEM0272,2026-10-25,Jersey,Home Jersey,1,95
PUR00499,MEM0272,2026-07-20,Jersey,Away Jersey,1,95
PUR00500,MEM0273,2026-06-07,Jersey,Home Jersey,2,190
PUR00501,MEM0273,2026-07-18,Jersey,Home Jersey,1,95
PUR00502,MEM0274,2026-05-23,Jersey,Away Jersey,2,190
PUR00503,MEM0274,2026-05-23,Jersey,Home Jersey,1,95
PUR00504,MEM0275,2026-07-05,Shirt,Matchday Tee,3,72
PUR00505,MEM0275,2026-08-17,Hat,Snapback Hat,1,30
PUR00506,MEM0275,2026-10-25,Jersey,Home Jersey,2,190
PUR00507,MEM0275,2026-08-04,Novelty,Mini Ball,2,36
PUR00508,MEM0277,2026-10-11,Jersey,Away Jersey,1,95
PUR00509,MEM0278,2026-04-12,Jersey,Away Jersey,1,95
PUR00510,MEM0279,2026-04-11,Scarf,FCLV Scarf,1,28
PUR00511,MEM0279,2026-08-02,Jersey,Away Jersey,1,95
PUR00512,MEM0279,2026-07-04,Jersey,Retro Jersey,1,110
PUR00513,MEM0280,2026-09-15,Jersey,Home Jersey,2,190
PUR00514,MEM0280,2026-08-03,Shirt,Theme Night Tee,1,28
PUR00515,MEM0281,2026-05-10,Scarf,FCLV Scarf,1,28
PUR00516,MEM0281,2026-07-06,Scarf,Supporters Scarf,1,32
PUR00517,MEM0282,2026-05-23,Jersey,Away Jersey,1,95
PUR00518,MEM0282,2026-08-17,Scarf,FCLV Scarf,1,28
PUR00519,MEM0282,2026-06-22,Hat,Dad Hat,2,52
PUR00520,MEM0283,2026-04-25,Jersey,Retro Jersey,2,220
PUR00521,MEM0283,2026-08-02,Shirt,Theme Night Tee,1,28
PUR00522,MEM0284,2026-06-22,Jersey,Home Jersey,2,190
PUR00523,MEM0284,2026-08-04,Scarf,FCLV Scarf,1,28
PUR00524,MEM0284,2026-05-12,Shirt,Theme Night Tee,1,28
PUR00525,MEM0284,2026-11-07,Hat,Dad Hat,1,26
PUR00526,MEM0286,2026-11-09,Shirt,Matchday Tee,4,96
PUR00527,MEM0287,2026-08-16,Jersey,Retro Jersey,1,110
PUR00528,MEM0288,2026-08-29,Shirt,Matchday Tee,1,24
PUR00529,MEM0288,2026-04-26,Novelty,Mini Ball,1,18
PUR00530,MEM0289,2026-11-21,Jersey,Retro Jersey,1,110
PUR00531,MEM0289,2026-04-11,Scarf,FCLV Scarf,1,28
PUR00532,MEM0289,2026-05-11,Scarf,FCLV Scarf,1,28
PUR00533,MEM0289,2026-08-15,Scarf,Supporters Scarf,2,64
PUR00534,MEM0289,2026-05-23,Novelty,Keychain,1,8
PUR00535,MEM0290,2026-09-26,Jersey,Home Jersey,1,95
PUR00536,MEM0290,2026-10-10,Novelty,Keychain,1,8
PUR00537,MEM0290,2026-05-10,Scarf,FCLV Scarf,1,28
PUR00538,MEM0290,2026-09-27,Hat,Dad Hat,1,26
PUR00539,MEM0291,2026-09-15,Jersey,Retro Jersey,1,110
PUR00540,MEM0291,2026-08-29,Jersey,Home Jersey,1,95
PUR00541,MEM0291,2026-09-15,Scarf,Supporters Scarf,1,32
PUR00542,MEM0293,2026-04-11,Jersey,Retro Jersey,1,110
PUR00543,MEM0294,2026-05-10,Scarf,FCLV Scarf,1,28
PUR00544,MEM0295,2026-03-29,Jersey,Retro Jersey,2,220
PUR00545,MEM0295,2026-04-25,Hat,Dad Hat,1,26
PUR00546,MEM0295,2026-06-06,Hat,Snapback Hat,1,30
PUR00547,MEM0295,2026-06-21,Jersey,Home Jersey,1,95
PUR00548,MEM0296,2026-09-14,Hat,Dad Hat,1,26
PUR00549,MEM0296,2026-04-11,Novelty,Mini Ball,2,36
PUR00550,MEM0296,2026-11-08,Scarf,Supporters Scarf,2,64
PUR00551,MEM0297,2026-06-08,Jersey,Retro Jersey,1,110
PUR00552,MEM0297,2026-08-29,Jersey,Home Jersey,1,95
PUR00553,MEM0298,2026-07-18,Scarf,FCLV Scarf,1,28
PUR00554,MEM0298,2026-09-26,Hat,Dad Hat,1,26
PUR00555,MEM0298,2026-09-26,Jersey,Home Jersey,1,95
PUR00556,MEM0299,2026-05-23,Hat,Dad Hat,1,26
PUR00557,MEM0301,2026-08-02,Hat,Dad Hat,1,26
PUR00558,MEM0301,2026-06-22,Hat,Snapback Hat,1,30
PUR00559,MEM0302,2026-06-06,Jersey,Away Jersey,2,190
PUR00560,MEM0302,2026-09-13,Novelty,Mini Ball,1,18
PUR00561,MEM0303,2026-04-12,Scarf,FCLV Scarf,1,28
PUR00562,MEM0304,2026-10-27,Jersey,Home Jersey,1,95
PUR00563,MEM0305,2026-05-23,Hat,Dad Hat,1,26
PUR00564,MEM0305,2026-08-29,Jersey,Retro Jersey,1,110
PUR00565,MEM0306,2026-10-25,Jersey,Away Jersey,1,95
PUR00566,MEM0307,2026-09-26,Novelty,Mini Ball,2,36
PUR00567,MEM0307,2026-08-02,Scarf,FCLV Scarf,1,28
PUR00568,MEM0308,2026-09-14,Jersey,Retro Jersey,1,110
PUR00569,MEM0309,2026-03-29,Scarf,FCLV Scarf,1,28
PUR00570,MEM0310,2026-03-31,Shirt,Theme Night Tee,2,56
PUR00571,MEM0310,2026-07-05,Jersey,Home Jersey,1,95
PUR00572,MEM0310,2026-05-10,Shirt,Theme Night Tee,1,28
PUR00573,MEM0311,2026-08-15,Hat,Dad Hat,1,26
PUR00574,MEM0312,2026-05-23,Jersey,Away Jersey,1,95
PUR00575,MEM0313,2026-04-27,Scarf,FCLV Scarf,2,56
PUR00576,MEM0314,2026-07-05,Jersey,Retro Jersey,1,110
PUR00577,MEM0314,2026-08-02,Shirt,Theme Night Tee,3,84
PUR00578,MEM0315,2026-06-06,Jersey,Retro Jersey,2,220
PUR00579,MEM0315,2026-07-04,Shirt,Matchday Tee,3,72
PUR00580,MEM0315,2026-06-21,Scarf,FCLV Scarf,2,56
PUR00581,MEM0316,2026-03-31,Shirt,Matchday Tee,2,48
PUR00582,MEM0316,2026-05-10,Scarf,Supporters Scarf,1,32
PUR00583,MEM0316,2026-03-29,Jersey,Away Jersey,2,190
PUR00584,MEM0317,2026-04-25,Novelty,Mini Ball,4,72
PUR00585,MEM0317,2026-05-23,Novelty,Mini Ball,3,54
PUR00586,MEM0318,2026-06-22,Scarf,FCLV Scarf,2,56
PUR00587,MEM0318,2026-09-14,Hat,Dad Hat,1,26
PUR00588,MEM0321,2026-08-02,Shirt,Theme Night Tee,1,28
PUR00589,MEM0321,2026-06-21,Scarf,FCLV Scarf,1,28
PUR00590,MEM0321,2026-09-26,Novelty,Keychain,1,8
PUR00591,MEM0322,2026-08-02,Jersey,Home Jersey,1,95
PUR00592,MEM0323,2026-07-04,Jersey,Retro Jersey,1,110
PUR00593,MEM0324,2026-11-07,Hat,Dad Hat,1,26
PUR00594,MEM0324,2026-03-29,Jersey,Away Jersey,1,95
PUR00595,MEM0324,2026-04-25,Jersey,Retro Jersey,1,110
PUR00596,MEM0324,2026-08-02,Jersey,Away Jersey,1,95
PUR00597,MEM0325,2026-07-19,Novelty,Mini Ball,3,54
PUR00598,MEM0325,2026-06-21,Hat,Dad Hat,1,26
PUR00599,MEM0325,2026-08-02,Novelty,Sticker Pack,3,18
PUR00600,MEM0326,2026-08-17,Novelty,Mini Ball,1,18
PUR00601,MEM0326,2026-08-30,Shirt,Matchday Tee,1,24
PUR00602,MEM0327,2026-06-06,Hat,Snapback Hat,2,60
PUR00603,MEM0327,2026-08-02,Novelty,Sticker Pack,2,12
PUR00604,MEM0328,2026-08-03,Shirt,Theme Night Tee,2,56
PUR00605,MEM0328,2026-03-29,Jersey,Home Jersey,2,190
PUR00606,MEM0328,2026-03-30,Jersey,Home Jersey,2,190
PUR00607,MEM0329,2026-08-29,Jersey,Home Jersey,2,190
PUR00608,MEM0329,2026-10-12,Shirt,Matchday Tee,1,24
PUR00609,MEM0330,2026-10-10,Jersey,Retro Jersey,2,220
PUR00610,MEM0333,2026-08-29,Shirt,Matchday Tee,1,24
PUR00611,MEM0334,2026-07-06,Jersey,Home Jersey,1,95
PUR00612,MEM0334,2026-07-06,Shirt,Theme Night Tee,1,28
PUR00613,MEM0334,2026-10-25,Shirt,Matchday Tee,2,48
PUR00614,MEM0335,2026-08-30,Jersey,Retro Jersey,1,110
PUR00615,MEM0335,2026-06-23,Jersey,Retro Jersey,1,110
PUR00616,MEM0336,2026-10-27,Jersey,Retro Jersey,2,220
PUR00617,MEM0337,2026-10-11,Scarf,FCLV Scarf,2,56
PUR00618,MEM0337,2026-05-23,Jersey,Away Jersey,2,190
PUR00619,MEM0338,2026-04-26,Scarf,Supporters Scarf,1,32
PUR00620,MEM0338,2026-06-21,Shirt,Theme Night Tee,1,28
PUR00621,MEM0339,2026-07-20,Scarf,Supporters Scarf,1,32
PUR00622,MEM0340,2026-10-12,Scarf,Supporters Scarf,1,32
PUR00623,MEM0340,2026-07-04,Jersey,Retro Jersey,1,110
PUR00624,MEM0341,2026-10-11,Shirt,Matchday Tee,2,48
PUR00625,MEM0341,2026-10-25,Jersey,Home Jersey,1,95
PUR00626,MEM0341,2026-06-07,Jersey,Home Jersey,1,95
PUR00627,MEM0341,2026-06-21,Hat,Dad Hat,1,26
PUR00628,MEM0341,2026-09-13,Jersey,Away Jersey,2,190
PUR00629,MEM0342,2026-09-13,Scarf,FCLV Scarf,1,28
PUR00630,MEM0343,2026-09-26,Shirt,Matchday Tee,1,24
PUR00631,MEM0343,2026-05-10,Scarf,FCLV Scarf,1,28
PUR00632,MEM0343,2026-05-23,Scarf,FCLV Scarf,1,28
PUR00633,MEM0344,2026-04-25,Hat,Dad Hat,1,26
PUR00634,MEM0344,2026-06-08,Jersey,Away Jersey,2,190
PUR00635,MEM0345,2026-10-25,Shirt,Matchday Tee,1,24
PUR00636,MEM0346,2026-07-06,Scarf,FCLV Scarf,1,28
PUR00637,MEM0347,2026-04-13,Jersey,Away Jersey,1,95
PUR00638,MEM0347,2026-04-11,Jersey,Home Jersey,1,95
PUR00639,MEM0347,2026-07-18,Scarf,FCLV Scarf,2,56
PUR00640,MEM0348,2026-10-25,Novelty,Mini Ball,2,36
PUR00641,MEM0348,2026-04-12,Jersey,Retro Jersey,1,110
PUR00642,MEM0349,2026-09-26,Jersey,Away Jersey,1,95
PUR00643,MEM0349,2026-11-08,Hat,Snapback Hat,1,30
PUR00644,MEM0351,2026-03-29,Jersey,Away Jersey,2,190
PUR00645,MEM0352,2026-04-27,Scarf,Supporters Scarf,1,32
PUR00646,MEM0352,2026-08-03,Hat,Snapback Hat,1,30
PUR00647,MEM0353,2026-11-07,Shirt,Matchday Tee,1,24
PUR00648,MEM0353,2026-07-04,Novelty,Mini Ball,1,18
PUR00649,MEM0354,2026-10-25,Jersey,Home Jersey,1,95
PUR00650,MEM0355,2026-10-25,Novelty,Mini Ball,3,54
PUR00651,MEM0356,2026-06-06,Novelty,Keychain,1,8
PUR00652,MEM0356,2026-07-06,Hat,Dad Hat,1,26
PUR00653,MEM0356,2026-06-06,Scarf,Supporters Scarf,1,32
PUR00654,MEM0357,2026-08-02,Shirt,Theme Night Tee,1,28
PUR00655,MEM0357,2026-05-23,Hat,Dad Hat,2,52
PUR00656,MEM0358,2026-06-06,Scarf,FCLV Scarf,1,28
PUR00657,MEM0358,2026-08-17,Shirt,Theme Night Tee,2,56
PUR00658,MEM0359,2026-06-21,Hat,Snapback Hat,1,30
PUR00659,MEM0360,2026-06-08,Jersey,Home Jersey,2,190
PUR00660,MEM0360,2026-08-29,Scarf,Supporters Scarf,1,32
PUR00661,MEM0360,2026-04-11,Jersey,Home Jersey,2,190
PUR00662,MEM0361,2026-08-29,Jersey,Home Jersey,1,95
PUR00663,MEM0362,2026-05-10,Scarf,Supporters Scarf,1,32
PUR00664,MEM0363,2026-09-13,Scarf,Supporters Scarf,1,32
PUR00665,MEM0363,2026-04-13,Jersey,Home Jersey,1,95
PUR00666,MEM0364,2026-06-22,Jersey,Away Jersey,2,190
PUR00667,MEM0364,2026-08-04,Shirt,Matchday Tee,3,72
PUR00668,MEM0365,2026-03-29,Hat,Dad Hat,2,52
PUR00669,MEM0366,2026-08-15,Shirt,Theme Night Tee,1,28
PUR00670,MEM0367,2026-08-02,Scarf,Supporters Scarf,1,32
PUR00671,MEM0367,2026-08-29,Scarf,Supporters Scarf,2,64
PUR00672,MEM0369,2026-09-26,Scarf,Supporters Scarf,1,32
PUR00673,MEM0369,2026-06-06,Shirt,Theme Night Tee,1,28
PUR00674,MEM0370,2026-07-19,Hat,Snapback Hat,1,30
PUR00675,MEM0370,2026-09-13,Novelty,Mini Ball,2,36
PUR00676,MEM0370,2026-11-08,Scarf,FCLV Scarf,1,28
PUR00677,MEM0371,2026-11-23,Novelty,Keychain,1,8
PUR00678,MEM0371,2026-07-04,Jersey,Retro Jersey,1,110
PUR00679,MEM0371,2026-09-28,Scarf,Supporters Scarf,1,32
PUR00680,MEM0373,2026-10-25,Shirt,Matchday Tee,1,24
PUR00681,MEM0373,2026-04-25,Shirt,Theme Night Tee,1,28
PUR00682,MEM0373,2026-07-04,Jersey,Retro Jersey,2,220
PUR00683,MEM0374,2026-09-13,Hat,Dad Hat,1,26
PUR00684,MEM0374,2026-04-11,Hat,Dad Hat,1,26
PUR00685,MEM0375,2026-06-06,Novelty,Keychain,1,8
PUR00686,MEM0376,2026-07-20,Hat,Dad Hat,1,26
PUR00687,MEM0376,2026-06-06,Jersey,Away Jersey,2,190
PUR00688,MEM0376,2026-05-10,Scarf,Supporters Scarf,1,32
PUR00689,MEM0377,2026-09-13,Scarf,FCLV Scarf,2,56
PUR00690,MEM0377,2026-04-26,Novelty,Sticker Pack,2,12
PUR00691,MEM0378,2026-08-15,Shirt,Matchday Tee,2,48
PUR00692,MEM0378,2026-10-26,Hat,Dad Hat,1,26
PUR00693,MEM0380,2026-10-26,Jersey,Home Jersey,1,95
PUR00694,MEM0380,2026-07-04,Jersey,Home Jersey,1,95
PUR00695,MEM0380,2026-07-18,Shirt,Matchday Tee,1,24
PUR00696,MEM0381,2026-11-21,Shirt,Theme Night Tee,1,28
PUR00697,MEM0381,2026-06-21,Novelty,Sticker Pack,2,12
PUR00698,MEM0382,2026-03-29,Shirt,Theme Night Tee,2,56
PUR00699,MEM0383,2026-08-15,Shirt,Matchday Tee,2,48
PUR00700,MEM0383,2026-07-04,Jersey,Home Jersey,1,95
PUR00701,MEM0385,2026-06-06,Shirt,Matchday Tee,2,48
PUR00702,MEM0386,2026-08-15,Jersey,Retro Jersey,1,110
PUR00703,MEM0386,2026-07-20,Hat,Snapback Hat,2,60
PUR00704,MEM0386,2026-08-02,Scarf,FCLV Scarf,1,28
PUR00705,MEM0387,2026-05-23,Jersey,Away Jersey,1,95
PUR00706,MEM0390,2026-10-25,Hat,Dad Hat,1,26
PUR00707,MEM0390,2026-07-05,Jersey,Away Jersey,1,95
PUR00708,MEM0390,2026-04-25,Hat,Snapback Hat,1,30
PUR00709,MEM0392,2026-05-10,Jersey,Retro Jersey,1,110
PUR00710,MEM0392,2026-09-26,Jersey,Away Jersey,2,190
PUR00711,MEM0392,2026-09-13,Shirt,Theme Night Tee,1,28
PUR00712,MEM0392,2026-07-04,Shirt,Matchday Tee,1,24
PUR00713,MEM0392,2026-07-04,Jersey,Home Jersey,1,95
PUR00714,MEM0393,2026-11-07,Scarf,FCLV Scarf,1,28
PUR00715,MEM0395,2026-07-18,Shirt,Theme Night Tee,2,56
PUR00716,MEM0395,2026-10-10,Novelty,Sticker Pack,1,6
PUR00717,MEM0395,2026-07-19,Scarf,Supporters Scarf,1,32
PUR00718,MEM0396,2026-08-15,Jersey,Home Jersey,1,95
PUR00719,MEM0396,2026-08-03,Jersey,Retro Jersey,2,220
PUR00720,MEM0397,2026-05-23,Jersey,Retro Jersey,1,110
PUR00721,MEM0397,2026-07-05,Jersey,Retro Jersey,1,110
PUR00722,MEM0397,2026-07-20,Shirt,Theme Night Tee,1,28
PUR00723,MEM0397,2026-10-26,Jersey,Home Jersey,2,190
PUR00724,MEM0398,2026-05-10,Shirt,Matchday Tee,1,24
PUR00725,MEM0398,2026-11-07,Novelty,Mini Ball,1,18
PUR00726,MEM0399,2026-10-10,Scarf,FCLV Scarf,1,28
PUR00727,MEM0399,2026-08-29,Novelty,Sticker Pack,2,12
PUR00728,MEM0400,2026-10-10,Novelty,Sticker Pack,2,12
PUR00729,MEM0400,2026-05-10,Jersey,Away Jersey,1,95
PUR00730,MEM0400,2026-08-29,Hat,Snapback Hat,2,60
PUR00731,MEM0401,2026-08-29,Novelty,Sticker Pack,1,6
PUR00732,MEM0401,2026-11-07,Shirt,Theme Night Tee,1,28
PUR00733,MEM0402,2026-05-23,Shirt,Matchday Tee,1,24
PUR00734,MEM0403,2026-06-21,Scarf,Supporters Scarf,1,32
PUR00735,MEM0404,2026-06-06,Jersey,Retro Jersey,1,110
PUR00736,MEM0404,2026-03-31,Jersey,Home Jersey,1,95
PUR00737,MEM0405,2026-03-31,Jersey,Retro Jersey,1,110
PUR00738,MEM0405,2026-08-02,Hat,Dad Hat,1,26
PUR00739,MEM0406,2026-10-27,Jersey,Home Jersey,1,95
PUR00740,MEM0406,2026-05-23,Shirt,Theme Night Tee,2,56
PUR00741,MEM0407,2026-06-06,Novelty,Keychain,1,8
PUR00742,MEM0408,2026-10-27,Jersey,Home Jersey,2,190
PUR00743,MEM0408,2026-09-13,Hat,Snapback Hat,2,60
PUR00744,MEM0409,2026-10-11,Novelty,Mini Ball,2,36
PUR00745,MEM0409,2026-07-04,Jersey,Retro Jersey,1,110
PUR00746,MEM0409,2026-08-29,Scarf,Supporters Scarf,2,64
PUR00747,MEM0409,2026-06-22,Jersey,Home Jersey,1,95
PUR00748,MEM0411,2026-11-07,Shirt,Matchday Tee,3,72
PUR00749,MEM0411,2026-05-10,Shirt,Matchday Tee,2,48
PUR00750,MEM0412,2026-05-25,Jersey,Home Jersey,1,95
PUR00751,MEM0412,2026-04-25,Hat,Snapback Hat,1,30
PUR00752,MEM0413,2026-08-29,Jersey,Retro Jersey,1,110
PUR00753,MEM0413,2026-08-03,Shirt,Matchday Tee,3,72
PUR00754,MEM0414,2026-08-29,Scarf,FCLV Scarf,1,28
PUR00755,MEM0415,2026-06-22,Novelty,Keychain,1,8
PUR00756,MEM0415,2026-09-27,Jersey,Away Jersey,2,190
PUR00757,MEM0416,2026-07-18,Scarf,Supporters Scarf,1,32
PUR00758,MEM0417,2026-07-18,Jersey,Retro Jersey,2,220
PUR00759,MEM0417,2026-09-13,Scarf,Supporters Scarf,1,32
PUR00760,MEM0417,2026-04-11,Jersey,Home Jersey,2,190
PUR00761,MEM0418,2026-09-13,Scarf,FCLV Scarf,1,28
PUR00762,MEM0419,2026-06-06,Hat,Dad Hat,1,26
PUR00763,MEM0419,2026-07-18,Jersey,Away Jersey,1,95
PUR00764,MEM0419,2026-11-08,Shirt,Theme Night Tee,1,28
PUR00765,MEM0420,2026-07-18,Shirt,Matchday Tee,2,48
PUR00766,MEM0420,2026-08-31,Jersey,Retro Jersey,2,220
PUR00767,MEM0421,2026-08-02,Novelty,Sticker Pack,1,6
PUR00768,MEM0422,2026-10-12,Shirt,Theme Night Tee,1,28
PUR00769,MEM0423,2026-08-17,Jersey,Retro Jersey,1,110
PUR00770,MEM0423,2026-11-09,Jersey,Away Jersey,2,190
PUR00771,MEM0424,2026-10-25,Shirt,Theme Night Tee,2,56
PUR00772,MEM0425,2026-05-25,Shirt,Matchday Tee,1,24
PUR00773,MEM0425,2026-06-21,Novelty,Keychain,2,16
PUR00774,MEM0426,2026-09-13,Jersey,Retro Jersey,1,110
PUR00775,MEM0426,2026-04-25,Jersey,Retro Jersey,1,110
PUR00776,MEM0426,2026-05-12,Jersey,Away Jersey,1,95
PUR00777,MEM0428,2026-04-11,Jersey,Retro Jersey,1,110
PUR00778,MEM0428,2026-06-21,Novelty,Keychain,1,8
PUR00779,MEM0429,2026-07-05,Shirt,Matchday Tee,3,72
PUR00780,MEM0429,2026-09-28,Jersey,Retro Jersey,1,110
PUR00781,MEM0430,2026-10-25,Jersey,Away Jersey,2,190
PUR00782,MEM0430,2026-04-11,Jersey,Retro Jersey,2,220
PUR00783,MEM0430,2026-09-14,Hat,Snapback Hat,1,30
PUR00784,MEM0431,2026-03-30,Jersey,Away Jersey,1,95
PUR00785,MEM0431,2026-03-29,Jersey,Home Jersey,1,95
PUR00786,MEM0431,2026-09-15,Shirt,Matchday Tee,2,48
PUR00787,MEM0432,2026-09-15,Jersey,Home Jersey,1,95
PUR00788,MEM0432,2026-03-30,Jersey,Away Jersey,1,95
PUR00789,MEM0433,2026-04-25,Jersey,Retro Jersey,1,110
PUR00790,MEM0434,2026-07-18,Jersey,Home Jersey,2,190
PUR00791,MEM0434,2026-11-08,Novelty,Sticker Pack,1,6
PUR00792,MEM0434,2026-05-10,Jersey,Away Jersey,1,95
PUR00793,MEM0435,2026-04-11,Shirt,Theme Night Tee,3,84
PUR00794,MEM0436,2026-11-07,Shirt,Theme Night Tee,4,112
PUR00795,MEM0438,2026-10-10,Scarf,FCLV Scarf,1,28
PUR00796,MEM0439,2026-06-23,Jersey,Away Jersey,1,95
PUR00797,MEM0440,2026-11-07,Shirt,Theme Night Tee,3,84
PUR00798,MEM0440,2026-11-21,Jersey,Retro Jersey,2,220
PUR00799,MEM0441,2026-09-27,Jersey,Retro Jersey,2,220
PUR00800,MEM0441,2026-09-13,Shirt,Theme Night Tee,4,112
PUR00801,MEM0442,2026-07-19,Hat,Snapback Hat,1,30
PUR00802,MEM0443,2026-08-03,Novelty,Sticker Pack,1,6
PUR00803,MEM0445,2026-05-23,Jersey,Away Jersey,1,95
PUR00804,MEM0445,2026-07-20,Shirt,Theme Night Tee,3,84
PUR00805,MEM0445,2026-08-04,Hat,Snapback Hat,2,60
PUR00806,MEM0447,2026-08-29,Scarf,Supporters Scarf,1,32
PUR00807,MEM0447,2026-05-23,Hat,Snapback Hat,1,30
PUR00808,MEM0447,2026-06-21,Jersey,Away Jersey,1,95
PUR00809,MEM0447,2026-11-09,Scarf,FCLV Scarf,1,28
PUR00810,MEM0449,2026-07-05,Hat,Snapback Hat,1,30
PUR00811,MEM0449,2026-08-30,Hat,Snapback Hat,1,30
PUR00812,MEM0449,2026-08-02,Scarf,FCLV Scarf,1,28
PUR00813,MEM0450,2026-07-18,Jersey,Away Jersey,1,95
PUR00814,MEM0450,2026-11-22,Hat,Snapback Hat,1,30
PUR00815,MEM0451,2026-08-30,Hat,Dad Hat,1,26
PUR00816,MEM0451,2026-04-25,Shirt,Matchday Tee,3,72
PUR00817,MEM0452,2026-05-24,Jersey,Home Jersey,1,95
PUR00818,MEM0453,2026-11-21,Scarf,Supporters Scarf,1,32
PUR00819,MEM0453,2026-06-21,Shirt,Matchday Tee,2,48
PUR00820,MEM0453,2026-07-04,Shirt,Theme Night Tee,2,56
PUR00821,MEM0453,2026-04-12,Jersey,Home Jersey,1,95
PUR00822,MEM0453,2026-07-18,Scarf,Supporters Scarf,1,32
PUR00823,MEM0454,2026-09-13,Jersey,Away Jersey,1,95
PUR00824,MEM0454,2026-11-07,Jersey,Home Jersey,1,95
PUR00825,MEM0454,2026-11-23,Scarf,Supporters Scarf,1,32
PUR00826,MEM0455,2026-10-25,Jersey,Retro Jersey,1,110
PUR00827,MEM0456,2026-06-06,Shirt,Theme Night Tee,1,28
PUR00828,MEM0456,2026-07-18,Scarf,Supporters Scarf,1,32
PUR00829,MEM0456,2026-08-04,Jersey,Home Jersey,1,95
PUR00830,MEM0457,2026-08-30,Jersey,Home Jersey,1,95
PUR00831,MEM0457,2026-05-24,Shirt,Theme Night Tee,2,56
PUR00832,MEM0458,2026-05-23,Shirt,Matchday Tee,1,24
PUR00833,MEM0459,2026-10-25,Scarf,FCLV Scarf,2,56
PUR00834,MEM0460,2026-05-10,Jersey,Home Jersey,1,95
PUR00835,MEM0460,2026-07-04,Scarf,FCLV Scarf,2,56
PUR00836,MEM0461,2026-08-02,Scarf,Supporters Scarf,2,64
PUR00837,MEM0461,2026-04-26,Jersey,Away Jersey,2,190
PUR00838,MEM0461,2026-06-21,Novelty,Mini Ball,1,18
PUR00839,MEM0461,2026-08-29,Shirt,Matchday Tee,1,24
PUR00840,MEM0461,2026-09-26,Hat,Snapback Hat,1,30
PUR00841,MEM0462,2026-05-23,Shirt,Theme Night Tee,1,28
PUR00842,MEM0463,2026-10-26,Scarf,Supporters Scarf,1,32
PUR00843,MEM0464,2026-09-14,Scarf,Supporters Scarf,1,32
PUR00844,MEM0465,2026-07-18,Shirt,Theme Night Tee,1,28
PUR00845,MEM0465,2026-06-21,Jersey,Away Jersey,1,95
PUR00846,MEM0466,2026-05-23,Novelty,Mini Ball,2,36
PUR00847,MEM0468,2026-09-26,Jersey,Retro Jersey,1,110
PUR00848,MEM0470,2026-03-29,Novelty,Keychain,1,8
PUR00849,MEM0471,2026-08-03,Scarf,Supporters Scarf,1,32
PUR00850,MEM0472,2026-07-04,Jersey,Home Jersey,1,95
PUR00851,MEM0473,2026-04-11,Scarf,FCLV Scarf,2,56
PUR00852,MEM0474,2026-03-31,Novelty,Sticker Pack,1,6
PUR00853,MEM0474,2026-09-26,Novelty,Sticker Pack,1,6
PUR00854,MEM0474,2026-08-29,Novelty,Keychain,2,16
PUR00855,MEM0475,2026-04-25,Jersey,Retro Jersey,1,110
PUR00856,MEM0475,2026-06-23,Hat,Snapback Hat,1,30
PUR00857,MEM0475,2026-08-17,Scarf,Supporters Scarf,1,32
PUR00858,MEM0476,2026-05-11,Jersey,Retro Jersey,2,220
PUR00859,MEM0478,2026-05-23,Shirt,Matchday Tee,2,48
PUR00860,MEM0479,2026-11-07,Scarf,FCLV Scarf,1,28
PUR00861,MEM0480,2026-08-15,Jersey,Retro Jersey,1,110
PUR00862,MEM0481,2026-10-26,Shirt,Theme Night Tee,1,28
PUR00863,MEM0481,2026-10-10,Jersey,Home Jersey,1,95
PUR00864,MEM0482,2026-08-17,Novelty,Mini Ball,1,18
PUR00865,MEM0482,2026-08-29,Jersey,Away Jersey,2,190
PUR00866,MEM0483,2026-05-11,Scarf,Supporters Scarf,1,32
PUR00867,MEM0483,2026-07-20,Jersey,Home Jersey,1,95
PUR00868,MEM0483,2026-11-21,Shirt,Theme Night Tee,1,28
PUR00869,MEM0484,2026-10-25,Jersey,Away Jersey,1,95
PUR00870,MEM0484,2026-10-10,Novelty,Keychain,3,24
PUR00871,MEM0484,2026-08-15,Hat,Dad Hat,2,52
PUR00872,MEM0485,2026-05-23,Hat,Snapback Hat,1,30
PUR00873,MEM0486,2026-04-25,Shirt,Matchday Tee,1,24
PUR00874,MEM0486,2026-08-29,Jersey,Away Jersey,2,190
PUR00875,MEM0488,2026-07-06,Jersey,Home Jersey,1,95
PUR00876,MEM0489,2026-10-11,Scarf,Supporters Scarf,1,32
PUR00877,MEM0489,2026-04-12,Shirt,Theme Night Tee,2,56
PUR00878,MEM0490,2026-07-18,Scarf,Supporters Scarf,2,64
PUR00879,MEM0491,2026-11-07,Scarf,FCLV Scarf,1,28
PUR00880,MEM0491,2026-06-21,Novelty,Mini Ball,1,18
PUR00881,MEM0492,2026-05-23,Jersey,Away Jersey,1,95
PUR00882,MEM0492,2026-09-27,Jersey,Retro Jersey,1,110
PUR00883,MEM0492,2026-05-12,Scarf,Supporters Scarf,1,32
PUR00884,MEM0495,2026-09-26,Hat,Dad Hat,1,26
PUR00885,MEM0495,2026-06-06,Hat,Snapback Hat,2,60
PUR00886,MEM0496,2026-10-27,Shirt,Matchday Tee,1,24
PUR00887,MEM0498,2026-08-15,Jersey,Home Jersey,1,95
PUR00888,MEM0498,2026-06-06,Jersey,Home Jersey,1,95
PUR00889,MEM0498,2026-05-10,Shirt,Theme Night Tee,1,28
PUR00890,MEM0499,2026-03-31,Shirt,Theme Night Tee,1,28
PUR00891,MEM0499,2026-10-25,Jersey,Retro Jersey,1,110
PUR00892,MEM0499,2026-11-08,Jersey,Away Jersey,1,95
PUR00893,MEM0500,2026-08-15,Jersey,Retro Jersey,1,110
